pp_id,pp,nd_id,fl_id,pt_id,set_def_pr,set_def_cain,set_def_ror,set_def_pp,set_def_st,set_def_hyrs,set_def_chp,set_def_add,set_def_rem,set_def_sll,set_def_curt,set_def_lin,set_def_scen,set_def_winsol,set_def_tr,set_def_peak
0,DE_HYD_RES,2,12,0,0,0,0,0,0,1,0,0,0,0,0,0,0,,0,0
1,AT_HYD_RES,0,12,0,0,0,0,0,0,1,0,0,0,0,0,0,0,,0,0
2,CH_HYD_RES,1,12,0,0,0,0,0,0,1,0,0,0,0,0,0,0,,0,0
3,IT_HYD_RES,4,12,0,0,0,0,0,0,1,0,0,0,0,0,0,0,,0,0
4,FR_HYD_RES,3,12,0,0,0,0,0,0,1,0,0,0,0,0,0,0,,0,0
5,DE_HYD_ROR,2,10,1,0,0,1,0,0,0,0,0,0,0,0,0,0,,0,0
6,AT_HYD_ROR,0,10,1,0,0,1,0,0,0,0,0,0,0,0,0,0,,0,0
7,IT_HYD_ROR,4,10,1,0,0,1,0,0,0,0,0,0,0,0,0,0,,0,0
8,CH_HYD_ROR,1,10,1,0,0,1,0,0,0,0,0,0,0,0,0,0,,0,0
9,FR_HYD_ROR,3,10,1,0,0,1,0,0,0,0,0,0,0,0,0,0,,0,0
10,AT_GAS_LIN,0,2,12,0,0,0,1,0,0,1,0,0,0,0,1,0,,0,0
11,CH_GAS_LIN,1,2,12,0,0,0,1,0,0,1,0,0,0,0,1,0,,0,0
12,DE_GAS_LIN,2,2,12,0,0,0,1,0,0,1,0,0,0,0,1,0,,0,0
13,FR_GAS_LIN,3,2,12,0,0,0,1,0,0,1,0,0,0,0,1,0,,0,0
14,IT_GAS_LIN,4,2,12,0,0,0,1,0,0,1,0,0,0,0,1,0,,0,0
15,AT_GAS_NEW,0,2,13,0,0,0,1,0,0,1,0,0,0,0,0,0,,0,0
16,CH_GAS_NEW,1,2,13,0,0,0,1,0,0,1,0,0,0,0,0,0,,0,0
17,DE_GAS_NEW,2,2,13,0,0,0,1,0,0,1,0,0,0,0,0,0,,0,0
18,FR_GAS_NEW,3,2,13,0,0,0,1,0,0,1,0,0,0,0,0,0,,0,0
19,IT_GAS_NEW,4,2,13,0,0,0,1,0,0,1,0,0,0,0,0,0,,0,0
20,AT_HCO_LIN,0,0,10,0,0,0,1,0,0,1,0,0,0,0,1,0,,0,0
21,DE_HCO_LIN,2,0,10,0,0,0,1,0,0,1,0,0,0,0,1,0,,0,0
22,FR_HCO_LIN,3,0,10,0,0,0,1,0,0,1,0,0,0,0,1,0,,0,0
23,IT_HCO_LIN,4,0,10,0,0,0,1,0,0,1,0,0,0,0,1,0,,0,0
24,DE_LIG_LIN,2,1,11,0,0,0,1,0,0,1,0,0,0,0,1,0,,0,0
25,DE_WIN_ONS,2,5,2,1,0,0,0,0,0,0,0,0,0,0,0,0,,0,0
26,AT_WIN_ONS,0,5,2,1,0,0,0,0,0,0,0,0,0,0,0,0,,0,0
27,IT_WIN_ONS,4,5,2,1,0,0,0,0,0,0,0,0,0,0,0,0,,0,0
28,CH_WIN_ONS,1,5,2,1,0,0,0,0,0,0,0,0,0,0,0,0,,0,0
29,FR_WIN_ONS,3,5,2,1,0,0,0,0,0,0,0,0,0,0,0,0,,0,0
30,FR_WIN_OFF,3,4,3,1,0,0,0,0,0,0,0,0,0,0,0,0,,0,0
31,DE_WIN_OFF,2,4,3,1,0,0,0,0,0,0,0,0,0,0,0,0,,0,0
32,DE_SOL_PHO,2,8,4,1,0,0,0,0,0,0,0,0,0,0,0,0,,0,0
33,AT_SOL_PHO,0,8,4,1,0,0,0,0,0,0,0,0,0,0,0,0,,0,0
34,IT_SOL_PHO,4,8,4,1,0,0,0,0,0,0,0,0,0,0,0,0,,0,0
35,CH_SOL_PHO,1,8,4,1,0,0,0,0,0,0,0,0,0,0,0,0,,0,0
36,FR_SOL_PHO,3,8,4,1,0,0,0,0,0,0,0,0,0,0,0,0,,0,0
37,DE_NUC_ELC,2,3,5,0,0,0,1,0,0,0,0,0,0,0,0,0,,0,0
38,CH_NUC_ELC,1,3,5,0,0,0,1,0,0,0,0,0,0,0,0,0,,0,0
39,FR_NUC_ELC,3,3,5,0,0,0,1,0,0,0,0,0,0,0,0,0,,0,0
40,IT_GEO_ELC,4,6,6,0,0,0,1,0,0,0,0,0,0,0,0,0,,0,0
41,CH_GEO_ELC,1,6,6,0,0,0,1,0,0,0,0,0,0,0,0,0,,0,0
42,AT_WAS_ELC,0,7,7,0,0,0,1,0,0,0,0,0,0,0,0,0,,0,0
43,CH_WAS_ELC,1,7,7,0,0,0,1,0,0,0,0,0,0,0,0,0,,0,0
44,DE_WAS_ELC,2,7,7,0,0,0,1,0,0,0,0,0,0,0,0,0,,0,0
45,FR_WAS_ELC,3,7,7,0,0,0,1,0,0,0,0,0,0,0,0,0,,0,0
46,IT_WAS_ELC,4,7,7,0,0,0,1,0,0,0,0,0,0,0,0,0,,0,0
47,AT_BAL_ELC,0,15,8,1,0,0,1,0,0,0,0,0,0,0,0,0,,0,0
48,CH_BAL_ELC,1,15,8,1,0,0,1,0,0,0,0,0,0,0,0,0,,0,0
49,DE_BAL_ELC,2,15,8,1,0,0,1,0,0,0,0,0,0,0,0,0,,0,0
50,FR_BAL_ELC,3,15,8,1,0,0,1,0,0,0,0,0,0,0,0,0,,0,0
51,IT_BAL_ELC,4,15,8,1,0,0,1,0,0,0,0,0,0,0,0,0,,0,0
52,AT_OIL_LIN,0,13,14,0,0,0,1,0,0,1,0,0,0,0,1,0,,0,0
53,CH_OIL_LIN,1,13,14,0,0,0,1,0,0,1,0,0,0,0,1,0,,0,0
54,DE_OIL_LIN,2,13,14,0,0,0,1,0,0,1,0,0,0,0,1,0,,0,0
55,FR_OIL_LIN,3,13,14,0,0,0,1,0,0,1,0,0,0,0,1,0,,0,0
56,IT_OIL_LIN,4,13,14,0,0,0,1,0,0,1,0,0,0,0,1,0,,0,0
57,DE_HYD_STO,2,11,9,0,0,0,0,1,0,0,0,0,0,0,0,0,,0,0
58,AT_HYD_STO,0,11,9,0,0,0,0,1,0,0,0,0,0,0,0,0,,0,0
59,IT_HYD_STO,4,11,9,0,0,0,0,1,0,0,0,0,0,0,0,0,,0,0
60,CH_HYD_STO,1,11,9,0,0,0,0,1,0,0,0,0,0,0,0,0,,0,0
61,FR_HYD_STO,3,11,9,0,0,0,0,1,0,0,0,0,0,0,0,0,,0,0
62,AT_LOL_LIN,0,18,15,0,0,0,1,0,0,0,0,0,0,0,0,0,,0,1
63,CH_LOL_LIN,1,18,15,0,0,0,1,0,0,0,0,0,0,0,0,0,,0,1
64,DE_LOL_LIN,2,18,15,0,0,0,1,0,0,0,0,0,0,0,0,0,,0,1
65,FR_LOL_LIN,3,18,15,0,0,0,1,0,0,0,0,0,0,0,0,0,,0,1
66,IT_LOL_LIN,4,18,15,0,0,0,1,0,0,0,0,0,0,0,0,0,,0,1
67,AT_DMND_FLEX,0,23,16,0,0,0,0,0,0,0,0,0,0,1,0,0,,0,0
68,CH_DMND_FLEX,1,23,16,0,0,0,0,0,0,0,0,0,0,1,0,0,,0,0
69,DE_DMND_FLEX,2,23,16,0,0,0,0,0,0,0,0,0,0,1,0,0,,0,0
70,FR_DMND_FLEX,3,23,16,0,0,0,0,0,0,0,0,0,0,1,0,0,,0,0
71,IT_DMND_FLEX,4,23,16,0,0,0,0,0,0,0,0,0,0,1,0,0,,0,0
72,IND_RUR_PHO,5,8,24,1,0,0,0,0,0,0,0,0,0,0,0,0,0.0,0,0
73,IND_SUB_PHO,6,8,24,1,0,0,0,0,0,0,0,0,0,0,0,0,0.0,0,0
74,IND_URB_PHO,7,8,24,1,0,0,0,0,0,0,0,0,0,0,0,0,0.0,0,0
75,MFH_RUR_0_PHO,8,8,22,1,0,0,0,0,0,0,0,0,0,0,0,0,0.0,0,0
76,MFH_RUR_1_PHO,9,8,22,1,0,0,0,0,0,0,0,0,0,0,0,0,0.0,0,0
77,MFH_RUR_2_PHO,10,8,22,1,0,0,0,0,0,0,0,0,0,0,0,0,0.0,0,0
78,MFH_RUR_3_PHO,11,8,22,1,0,0,0,0,0,0,0,0,0,0,0,0,0.0,0,0
79,MFH_SUB_0_PHO,12,8,22,1,0,0,0,0,0,0,0,0,0,0,0,0,0.0,0,0
80,MFH_SUB_1_PHO,13,8,22,1,0,0,0,0,0,0,0,0,0,0,0,0,0.0,0,0
81,MFH_SUB_2_PHO,14,8,22,1,0,0,0,0,0,0,0,0,0,0,0,0,0.0,0,0
82,MFH_SUB_3_PHO,15,8,22,1,0,0,0,0,0,0,0,0,0,0,0,0,0.0,0,0
83,MFH_URB_0_PHO,16,8,22,1,0,0,0,0,0,0,0,0,0,0,0,0,0.0,0,0
84,MFH_URB_1_PHO,17,8,22,1,0,0,0,0,0,0,0,0,0,0,0,0,0.0,0,0
85,MFH_URB_2_PHO,18,8,22,1,0,0,0,0,0,0,0,0,0,0,0,0,0.0,0,0
86,MFH_URB_3_PHO,19,8,22,1,0,0,0,0,0,0,0,0,0,0,0,0,0.0,0,0
87,OCO_RUR_PHO,20,8,23,1,0,0,0,0,0,0,0,0,0,0,0,0,0.0,0,0
88,OCO_SUB_PHO,21,8,23,1,0,0,0,0,0,0,0,0,0,0,0,0,0.0,0,0
89,OCO_URB_PHO,22,8,23,1,0,0,0,0,0,0,0,0,0,0,0,0,0.0,0,0
90,SFH_RUR_0_PHO,23,8,21,1,0,0,0,0,0,0,0,0,0,0,0,0,0.0,0,0
91,SFH_RUR_1_PHO,24,8,21,1,0,0,0,0,0,0,0,0,0,0,0,0,0.0,0,0
92,SFH_RUR_2_PHO,25,8,21,1,0,0,0,0,0,0,0,0,0,0,0,0,0.0,0,0
93,SFH_RUR_3_PHO,26,8,21,1,0,0,0,0,0,0,0,0,0,0,0,0,0.0,0,0
94,SFH_SUB_0_PHO,27,8,21,1,0,0,0,0,0,0,0,0,0,0,0,0,0.0,0,0
95,SFH_SUB_1_PHO,28,8,21,1,0,0,0,0,0,0,0,0,0,0,0,0,0.0,0,0
96,SFH_SUB_2_PHO,29,8,21,1,0,0,0,0,0,0,0,0,0,0,0,0,0.0,0,0
97,SFH_SUB_3_PHO,30,8,21,1,0,0,0,0,0,0,0,0,0,0,0,0,0.0,0,0
98,SFH_URB_0_PHO,31,8,21,1,0,0,0,0,0,0,0,0,0,0,0,0,0.0,0,0
99,SFH_URB_1_PHO,32,8,21,1,0,0,0,0,0,0,0,0,0,0,0,0,0.0,0,0
100,SFH_URB_2_PHO,33,8,21,1,0,0,0,0,0,0,0,0,0,0,0,0,0.0,0,0
101,SFH_URB_3_PHO,34,8,21,1,0,0,0,0,0,0,0,0,0,0,0,0,0.0,0,0
102,IND_RUR_STO_LI,5,19,20,0,0,0,0,1,0,0,1,0,0,0,0,0,0.0,0,0
103,IND_SUB_STO_LI,6,19,20,0,0,0,0,1,0,0,1,0,0,0,0,0,0.0,0,0
104,IND_URB_STO_LI,7,19,20,0,0,0,0,1,0,0,1,0,0,0,0,0,0.0,0,0
105,MFH_RUR_0_STO_LI,8,19,18,0,0,0,0,1,0,0,1,0,0,0,0,0,0.0,0,0
106,MFH_RUR_1_STO_LI,9,19,18,0,0,0,0,1,0,0,1,0,0,0,0,0,0.0,0,0
107,MFH_RUR_2_STO_LI,10,19,18,0,0,0,0,1,0,0,1,0,0,0,0,0,0.0,0,0
108,MFH_RUR_3_STO_LI,11,19,18,0,0,0,0,1,0,0,1,0,0,0,0,0,0.0,0,0
109,MFH_SUB_0_STO_LI,12,19,18,0,0,0,0,1,0,0,1,0,0,0,0,0,0.0,0,0
110,MFH_SUB_1_STO_LI,13,19,18,0,0,0,0,1,0,0,1,0,0,0,0,0,0.0,0,0
111,MFH_SUB_2_STO_LI,14,19,18,0,0,0,0,1,0,0,1,0,0,0,0,0,0.0,0,0
112,MFH_SUB_3_STO_LI,15,19,18,0,0,0,0,1,0,0,1,0,0,0,0,0,0.0,0,0
113,MFH_URB_0_STO_LI,16,19,18,0,0,0,0,1,0,0,1,0,0,0,0,0,0.0,0,0
114,MFH_URB_1_STO_LI,17,19,18,0,0,0,0,1,0,0,1,0,0,0,0,0,0.0,0,0
115,MFH_URB_2_STO_LI,18,19,18,0,0,0,0,1,0,0,1,0,0,0,0,0,0.0,0,0
116,MFH_URB_3_STO_LI,19,19,18,0,0,0,0,1,0,0,1,0,0,0,0,0,0.0,0,0
117,OCO_RUR_STO_LI,20,19,19,0,0,0,0,1,0,0,1,0,0,0,0,0,0.0,0,0
118,OCO_SUB_STO_LI,21,19,19,0,0,0,0,1,0,0,1,0,0,0,0,0,0.0,0,0
119,OCO_URB_STO_LI,22,19,19,0,0,0,0,1,0,0,1,0,0,0,0,0,0.0,0,0
120,SFH_RUR_0_STO_LI,23,19,17,0,0,0,0,1,0,0,1,0,0,0,0,0,0.0,0,0
121,SFH_RUR_1_STO_LI,24,19,17,0,0,0,0,1,0,0,1,0,0,0,0,0,0.0,0,0
122,SFH_RUR_2_STO_LI,25,19,17,0,0,0,0,1,0,0,1,0,0,0,0,0,0.0,0,0
123,SFH_RUR_3_STO_LI,26,19,17,0,0,0,0,1,0,0,1,0,0,0,0,0,0.0,0,0
124,SFH_SUB_0_STO_LI,27,19,17,0,0,0,0,1,0,0,1,0,0,0,0,0,0.0,0,0
125,SFH_SUB_1_STO_LI,28,19,17,0,0,0,0,1,0,0,1,0,0,0,0,0,0.0,0,0
126,SFH_SUB_2_STO_LI,29,19,17,0,0,0,0,1,0,0,1,0,0,0,0,0,0.0,0,0
127,SFH_SUB_3_STO_LI,30,19,17,0,0,0,0,1,0,0,1,0,0,0,0,0,0.0,0,0
128,SFH_URB_0_STO_LI,31,19,17,0,0,0,0,1,0,0,1,0,0,0,0,0,0.0,0,0
129,SFH_URB_1_STO_LI,32,19,17,0,0,0,0,1,0,0,1,0,0,0,0,0,0.0,0,0
130,SFH_URB_2_STO_LI,33,19,17,0,0,0,0,1,0,0,1,0,0,0,0,0,0.0,0,0
131,SFH_URB_3_STO_LI,34,19,17,0,0,0,0,1,0,0,1,0,0,0,0,0,0.0,0,0
132,IND_RUR_STO_VR,5,19,28,0,0,0,0,1,0,0,1,0,0,0,0,0,0.0,0,0
133,IND_SUB_STO_VR,6,19,28,0,0,0,0,1,0,0,1,0,0,0,0,0,0.0,0,0
134,IND_URB_STO_VR,7,19,28,0,0,0,0,1,0,0,1,0,0,0,0,0,0.0,0,0
135,MFH_RUR_0_STO_VR,8,19,26,0,0,0,0,1,0,0,1,0,0,0,0,0,0.0,0,0
136,MFH_RUR_1_STO_VR,9,19,26,0,0,0,0,1,0,0,1,0,0,0,0,0,0.0,0,0
137,MFH_RUR_2_STO_VR,10,19,26,0,0,0,0,1,0,0,1,0,0,0,0,0,0.0,0,0
138,MFH_RUR_3_STO_VR,11,19,26,0,0,0,0,1,0,0,1,0,0,0,0,0,0.0,0,0
139,MFH_SUB_0_STO_VR,12,19,26,0,0,0,0,1,0,0,1,0,0,0,0,0,0.0,0,0
140,MFH_SUB_1_STO_VR,13,19,26,0,0,0,0,1,0,0,1,0,0,0,0,0,0.0,0,0
141,MFH_SUB_2_STO_VR,14,19,26,0,0,0,0,1,0,0,1,0,0,0,0,0,0.0,0,0
142,MFH_SUB_3_STO_VR,15,19,26,0,0,0,0,1,0,0,1,0,0,0,0,0,0.0,0,0
143,MFH_URB_0_STO_VR,16,19,26,0,0,0,0,1,0,0,1,0,0,0,0,0,0.0,0,0
144,MFH_URB_1_STO_VR,17,19,26,0,0,0,0,1,0,0,1,0,0,0,0,0,0.0,0,0
145,MFH_URB_2_STO_VR,18,19,26,0,0,0,0,1,0,0,1,0,0,0,0,0,0.0,0,0
146,MFH_URB_3_STO_VR,19,19,26,0,0,0,0,1,0,0,1,0,0,0,0,0,0.0,0,0
147,OCO_RUR_STO_VR,20,19,27,0,0,0,0,1,0,0,1,0,0,0,0,0,0.0,0,0
148,OCO_SUB_STO_VR,21,19,27,0,0,0,0,1,0,0,1,0,0,0,0,0,0.0,0,0
149,OCO_URB_STO_VR,22,19,27,0,0,0,0,1,0,0,1,0,0,0,0,0,0.0,0,0
150,SFH_RUR_0_STO_VR,23,19,25,0,0,0,0,1,0,0,1,0,0,0,0,0,0.0,0,0
151,SFH_RUR_1_STO_VR,24,19,25,0,0,0,0,1,0,0,1,0,0,0,0,0,0.0,0,0
152,SFH_RUR_2_STO_VR,25,19,25,0,0,0,0,1,0,0,1,0,0,0,0,0,0.0,0,0
153,SFH_RUR_3_STO_VR,26,19,25,0,0,0,0,1,0,0,1,0,0,0,0,0,0.0,0,0
154,SFH_SUB_0_STO_VR,27,19,25,0,0,0,0,1,0,0,1,0,0,0,0,0,0.0,0,0
155,SFH_SUB_1_STO_VR,28,19,25,0,0,0,0,1,0,0,1,0,0,0,0,0,0.0,0,0
156,SFH_SUB_2_STO_VR,29,19,25,0,0,0,0,1,0,0,1,0,0,0,0,0,0.0,0,0
157,SFH_SUB_3_STO_VR,30,19,25,0,0,0,0,1,0,0,1,0,0,0,0,0,0.0,0,0
158,SFH_URB_0_STO_VR,31,19,25,0,0,0,0,1,0,0,1,0,0,0,0,0,0.0,0,0
159,SFH_URB_1_STO_VR,32,19,25,0,0,0,0,1,0,0,1,0,0,0,0,0,0.0,0,0
160,SFH_URB_2_STO_VR,33,19,25,0,0,0,0,1,0,0,1,0,0,0,0,0,0.0,0,0
161,SFH_URB_3_STO_VR,34,19,25,0,0,0,0,1,0,0,1,0,0,0,0,0,0.0,0,0
162,MFH_RUR_HT_0_HP_AW,35,16,31,0,0,0,1,0,0,0,0,0,0,0,0,0,0.0,0,0
163,MFH_RUR_HT_1_HP_AW,36,16,31,0,0,0,1,0,0,0,0,0,0,0,0,0,0.0,0,0
164,MFH_RUR_HT_2_HP_AW,37,16,31,0,0,0,1,0,0,0,0,0,0,0,0,0,0.0,0,0
165,MFH_RUR_HT_3_HP_AW,38,16,31,0,0,0,1,0,0,0,0,0,0,0,0,0,0.0,0,0
166,MFH_SUB_HT_0_HP_AW,39,16,31,0,0,0,1,0,0,0,0,0,0,0,0,0,0.0,0,0
167,MFH_SUB_HT_1_HP_AW,40,16,31,0,0,0,1,0,0,0,0,0,0,0,0,0,0.0,0,0
168,MFH_SUB_HT_2_HP_AW,41,16,31,0,0,0,1,0,0,0,0,0,0,0,0,0,0.0,0,0
169,MFH_SUB_HT_3_HP_AW,42,16,31,0,0,0,1,0,0,0,0,0,0,0,0,0,0.0,0,0
170,MFH_URB_HT_0_HP_AW,43,16,31,0,0,0,1,0,0,0,0,0,0,0,0,0,0.0,0,0
171,MFH_URB_HT_1_HP_AW,44,16,31,0,0,0,1,0,0,0,0,0,0,0,0,0,0.0,0,0
172,MFH_URB_HT_2_HP_AW,45,16,31,0,0,0,1,0,0,0,0,0,0,0,0,0,0.0,0,0
173,MFH_URB_HT_3_HP_AW,46,16,31,0,0,0,1,0,0,0,0,0,0,0,0,0,0.0,0,0
174,SFH_RUR_HT_0_HP_AW,47,16,29,0,0,0,1,0,0,0,0,0,0,0,0,0,0.0,0,0
175,SFH_RUR_HT_1_HP_AW,48,16,29,0,0,0,1,0,0,0,0,0,0,0,0,0,0.0,0,0
176,SFH_RUR_HT_2_HP_AW,49,16,29,0,0,0,1,0,0,0,0,0,0,0,0,0,0.0,0,0
177,SFH_RUR_HT_3_HP_AW,50,16,29,0,0,0,1,0,0,0,0,0,0,0,0,0,0.0,0,0
178,SFH_SUB_HT_0_HP_AW,51,16,29,0,0,0,1,0,0,0,0,0,0,0,0,0,0.0,0,0
179,SFH_SUB_HT_1_HP_AW,52,16,29,0,0,0,1,0,0,0,0,0,0,0,0,0,0.0,0,0
180,SFH_SUB_HT_2_HP_AW,53,16,29,0,0,0,1,0,0,0,0,0,0,0,0,0,0.0,0,0
181,SFH_SUB_HT_3_HP_AW,54,16,29,0,0,0,1,0,0,0,0,0,0,0,0,0,0.0,0,0
182,SFH_URB_HT_0_HP_AW,55,16,29,0,0,0,1,0,0,0,0,0,0,0,0,0,0.0,0,0
183,SFH_URB_HT_1_HP_AW,56,16,29,0,0,0,1,0,0,0,0,0,0,0,0,0,0.0,0,0
184,SFH_URB_HT_2_HP_AW,57,16,29,0,0,0,1,0,0,0,0,0,0,0,0,0,0.0,0,0
185,SFH_URB_HT_3_HP_AW,58,16,29,0,0,0,1,0,0,0,0,0,0,0,0,0,0.0,0,0
186,MFH_RUR_HT_0_HP_WW,35,16,32,0,0,0,1,0,0,0,0,0,0,0,0,0,0.0,0,0
187,MFH_RUR_HT_1_HP_WW,36,16,32,0,0,0,1,0,0,0,0,0,0,0,0,0,0.0,0,0
188,MFH_RUR_HT_2_HP_WW,37,16,32,0,0,0,1,0,0,0,0,0,0,0,0,0,0.0,0,0
189,MFH_RUR_HT_3_HP_WW,38,16,32,0,0,0,1,0,0,0,0,0,0,0,0,0,0.0,0,0
190,MFH_SUB_HT_0_HP_WW,39,16,32,0,0,0,1,0,0,0,0,0,0,0,0,0,0.0,0,0
191,MFH_SUB_HT_1_HP_WW,40,16,32,0,0,0,1,0,0,0,0,0,0,0,0,0,0.0,0,0
192,MFH_SUB_HT_2_HP_WW,41,16,32,0,0,0,1,0,0,0,0,0,0,0,0,0,0.0,0,0
193,MFH_SUB_HT_3_HP_WW,42,16,32,0,0,0,1,0,0,0,0,0,0,0,0,0,0.0,0,0
194,MFH_URB_HT_0_HP_WW,43,16,32,0,0,0,1,0,0,0,0,0,0,0,0,0,0.0,0,0
195,MFH_URB_HT_1_HP_WW,44,16,32,0,0,0,1,0,0,0,0,0,0,0,0,0,0.0,0,0
196,MFH_URB_HT_2_HP_WW,45,16,32,0,0,0,1,0,0,0,0,0,0,0,0,0,0.0,0,0
197,MFH_URB_HT_3_HP_WW,46,16,32,0,0,0,1,0,0,0,0,0,0,0,0,0,0.0,0,0
198,SFH_RUR_HT_0_HP_WW,47,16,30,0,0,0,1,0,0,0,0,0,0,0,0,0,0.0,0,0
199,SFH_RUR_HT_1_HP_WW,48,16,30,0,0,0,1,0,0,0,0,0,0,0,0,0,0.0,0,0
200,SFH_RUR_HT_2_HP_WW,49,16,30,0,0,0,1,0,0,0,0,0,0,0,0,0,0.0,0,0
201,SFH_RUR_HT_3_HP_WW,50,16,30,0,0,0,1,0,0,0,0,0,0,0,0,0,0.0,0,0
202,SFH_SUB_HT_0_HP_WW,51,16,30,0,0,0,1,0,0,0,0,0,0,0,0,0,0.0,0,0
203,SFH_SUB_HT_1_HP_WW,52,16,30,0,0,0,1,0,0,0,0,0,0,0,0,0,0.0,0,0
204,SFH_SUB_HT_2_HP_WW,53,16,30,0,0,0,1,0,0,0,0,0,0,0,0,0,0.0,0,0
205,SFH_SUB_HT_3_HP_WW,54,16,30,0,0,0,1,0,0,0,0,0,0,0,0,0,0.0,0,0
206,SFH_URB_HT_0_HP_WW,55,16,30,0,0,0,1,0,0,0,0,0,0,0,0,0,0.0,0,0
207,SFH_URB_HT_1_HP_WW,56,16,30,0,0,0,1,0,0,0,0,0,0,0,0,0,0.0,0,0
208,SFH_URB_HT_2_HP_WW,57,16,30,0,0,0,1,0,0,0,0,0,0,0,0,0,0.0,0,0
209,SFH_URB_HT_3_HP_WW,58,16,30,0,0,0,1,0,0,0,0,0,0,0,0,0,0.0,0,0
210,MFH_RUR_HT_0_STO_HT,35,26,34,0,0,0,0,1,0,0,0,0,0,0,0,0,0.0,0,0
211,MFH_RUR_HT_1_STO_HT,36,26,34,0,0,0,0,1,0,0,0,0,0,0,0,0,0.0,0,0
212,MFH_RUR_HT_2_STO_HT,37,26,34,0,0,0,0,1,0,0,0,0,0,0,0,0,0.0,0,0
213,MFH_RUR_HT_3_STO_HT,38,26,34,0,0,0,0,1,0,0,0,0,0,0,0,0,0.0,0,0
214,MFH_SUB_HT_0_STO_HT,39,26,34,0,0,0,0,1,0,0,0,0,0,0,0,0,0.0,0,0
215,MFH_SUB_HT_1_STO_HT,40,26,34,0,0,0,0,1,0,0,0,0,0,0,0,0,0.0,0,0
216,MFH_SUB_HT_2_STO_HT,41,26,34,0,0,0,0,1,0,0,0,0,0,0,0,0,0.0,0,0
217,MFH_SUB_HT_3_STO_HT,42,26,34,0,0,0,0,1,0,0,0,0,0,0,0,0,0.0,0,0
218,MFH_URB_HT_0_STO_HT,43,26,34,0,0,0,0,1,0,0,0,0,0,0,0,0,0.0,0,0
219,MFH_URB_HT_1_STO_HT,44,26,34,0,0,0,0,1,0,0,0,0,0,0,0,0,0.0,0,0
220,MFH_URB_HT_2_STO_HT,45,26,34,0,0,0,0,1,0,0,0,0,0,0,0,0,0.0,0,0
221,MFH_URB_HT_3_STO_HT,46,26,34,0,0,0,0,1,0,0,0,0,0,0,0,0,0.0,0,0
222,SFH_RUR_HT_0_STO_HT,47,26,33,0,0,0,0,1,0,0,0,0,0,0,0,0,0.0,0,0
223,SFH_RUR_HT_1_STO_HT,48,26,33,0,0,0,0,1,0,0,0,0,0,0,0,0,0.0,0,0
224,SFH_RUR_HT_2_STO_HT,49,26,33,0,0,0,0,1,0,0,0,0,0,0,0,0,0.0,0,0
225,SFH_RUR_HT_3_STO_HT,50,26,33,0,0,0,0,1,0,0,0,0,0,0,0,0,0.0,0,0
226,SFH_SUB_HT_0_STO_HT,51,26,33,0,0,0,0,1,0,0,0,0,0,0,0,0,0.0,0,0
227,SFH_SUB_HT_1_STO_HT,52,26,33,0,0,0,0,1,0,0,0,0,0,0,0,0,0.0,0,0
228,SFH_SUB_HT_2_STO_HT,53,26,33,0,0,0,0,1,0,0,0,0,0,0,0,0,0.0,0,0
229,SFH_SUB_HT_3_STO_HT,54,26,33,0,0,0,0,1,0,0,0,0,0,0,0,0,0.0,0,0
230,SFH_URB_HT_0_STO_HT,55,26,33,0,0,0,0,1,0,0,0,0,0,0,0,0,0.0,0,0
231,SFH_URB_HT_1_STO_HT,56,26,33,0,0,0,0,1,0,0,0,0,0,0,0,0,0.0,0,0
232,SFH_URB_HT_2_STO_HT,57,26,33,0,0,0,0,1,0,0,0,0,0,0,0,0,0.0,0,0
233,SFH_URB_HT_3_STO_HT,58,26,33,0,0,0,0,1,0,0,0,0,0,0,0,0,0.0,0,0
234,MFH_RUR_0_DHW_BO,8,16,36,0,0,0,1,0,0,0,0,0,0,0,0,0,0.0,0,0
235,MFH_RUR_1_DHW_BO,9,16,36,0,0,0,1,0,0,0,0,0,0,0,0,0,0.0,0,0
236,MFH_RUR_2_DHW_BO,10,16,36,0,0,0,1,0,0,0,0,0,0,0,0,0,0.0,0,0
237,MFH_RUR_3_DHW_BO,11,16,36,0,0,0,1,0,0,0,0,0,0,0,0,0,0.0,0,0
238,MFH_SUB_0_DHW_BO,12,16,36,0,0,0,1,0,0,0,0,0,0,0,0,0,0.0,0,0
239,MFH_SUB_1_DHW_BO,13,16,36,0,0,0,1,0,0,0,0,0,0,0,0,0,0.0,0,0
240,MFH_SUB_2_DHW_BO,14,16,36,0,0,0,1,0,0,0,0,0,0,0,0,0,0.0,0,0
241,MFH_SUB_3_DHW_BO,15,16,36,0,0,0,1,0,0,0,0,0,0,0,0,0,0.0,0,0
242,MFH_URB_0_DHW_BO,16,16,36,0,0,0,1,0,0,0,0,0,0,0,0,0,0.0,0,0
243,MFH_URB_1_DHW_BO,17,16,36,0,0,0,1,0,0,0,0,0,0,0,0,0,0.0,0,0
244,MFH_URB_2_DHW_BO,18,16,36,0,0,0,1,0,0,0,0,0,0,0,0,0,0.0,0,0
245,MFH_URB_3_DHW_BO,19,16,36,0,0,0,1,0,0,0,0,0,0,0,0,0,0.0,0,0
246,SFH_RUR_0_DHW_BO,23,16,35,0,0,0,1,0,0,0,0,0,0,0,0,0,0.0,0,0
247,SFH_RUR_1_DHW_BO,24,16,35,0,0,0,1,0,0,0,0,0,0,0,0,0,0.0,0,0
248,SFH_RUR_2_DHW_BO,25,16,35,0,0,0,1,0,0,0,0,0,0,0,0,0,0.0,0,0
249,SFH_RUR_3_DHW_BO,26,16,35,0,0,0,1,0,0,0,0,0,0,0,0,0,0.0,0,0
250,SFH_SUB_0_DHW_BO,27,16,35,0,0,0,1,0,0,0,0,0,0,0,0,0,0.0,0,0
251,SFH_SUB_1_DHW_BO,28,16,35,0,0,0,1,0,0,0,0,0,0,0,0,0,0.0,0,0
252,SFH_SUB_2_DHW_BO,29,16,35,0,0,0,1,0,0,0,0,0,0,0,0,0,0.0,0,0
253,SFH_SUB_3_DHW_BO,30,16,35,0,0,0,1,0,0,0,0,0,0,0,0,0,0.0,0,0
254,SFH_URB_0_DHW_BO,31,16,35,0,0,0,1,0,0,0,0,0,0,0,0,0,0.0,0,0
255,SFH_URB_1_DHW_BO,32,16,35,0,0,0,1,0,0,0,0,0,0,0,0,0,0.0,0,0
256,SFH_URB_2_DHW_BO,33,16,35,0,0,0,1,0,0,0,0,0,0,0,0,0,0.0,0,0
257,SFH_URB_3_DHW_BO,34,16,35,0,0,0,1,0,0,0,0,0,0,0,0,0,0.0,0,0
258,MFH_RUR_0_DHW_STO,8,28,38,0,0,0,0,1,0,0,0,0,0,0,0,0,0.0,0,0
259,MFH_RUR_1_DHW_STO,9,28,38,0,0,0,0,1,0,0,0,0,0,0,0,0,0.0,0,0
260,MFH_RUR_2_DHW_STO,10,28,38,0,0,0,0,1,0,0,0,0,0,0,0,0,0.0,0,0
261,MFH_RUR_3_DHW_STO,11,28,38,0,0,0,0,1,0,0,0,0,0,0,0,0,0.0,0,0
262,MFH_SUB_0_DHW_STO,12,28,38,0,0,0,0,1,0,0,0,0,0,0,0,0,0.0,0,0
263,MFH_SUB_1_DHW_STO,13,28,38,0,0,0,0,1,0,0,0,0,0,0,0,0,0.0,0,0
264,MFH_SUB_2_DHW_STO,14,28,38,0,0,0,0,1,0,0,0,0,0,0,0,0,0.0,0,0
265,MFH_SUB_3_DHW_STO,15,28,38,0,0,0,0,1,0,0,0,0,0,0,0,0,0.0,0,0
266,MFH_URB_0_DHW_STO,16,28,38,0,0,0,0,1,0,0,0,0,0,0,0,0,0.0,0,0
267,MFH_URB_1_DHW_STO,17,28,38,0,0,0,0,1,0,0,0,0,0,0,0,0,0.0,0,0
268,MFH_URB_2_DHW_STO,18,28,38,0,0,0,0,1,0,0,0,0,0,0,0,0,0.0,0,0
269,MFH_URB_3_DHW_STO,19,28,38,0,0,0,0,1,0,0,0,0,0,0,0,0,0.0,0,0
270,SFH_RUR_0_DHW_STO,23,28,37,0,0,0,0,1,0,0,0,0,0,0,0,0,0.0,0,0
271,SFH_RUR_1_DHW_STO,24,28,37,0,0,0,0,1,0,0,0,0,0,0,0,0,0.0,0,0
272,SFH_RUR_2_DHW_STO,25,28,37,0,0,0,0,1,0,0,0,0,0,0,0,0,0.0,0,0
273,SFH_RUR_3_DHW_STO,26,28,37,0,0,0,0,1,0,0,0,0,0,0,0,0,0.0,0,0
274,SFH_SUB_0_DHW_STO,27,28,37,0,0,0,0,1,0,0,0,0,0,0,0,0,0.0,0,0
275,SFH_SUB_1_DHW_STO,28,28,37,0,0,0,0,1,0,0,0,0,0,0,0,0,0.0,0,0
276,SFH_SUB_2_DHW_STO,29,28,37,0,0,0,0,1,0,0,0,0,0,0,0,0,0.0,0,0
277,SFH_SUB_3_DHW_STO,30,28,37,0,0,0,0,1,0,0,0,0,0,0,0,0,0.0,0,0
278,SFH_URB_0_DHW_STO,31,28,37,0,0,0,0,1,0,0,0,0,0,0,0,0,0.0,0,0
279,SFH_URB_1_DHW_STO,32,28,37,0,0,0,0,1,0,0,0,0,0,0,0,0,0.0,0,0
280,SFH_URB_2_DHW_STO,33,28,37,0,0,0,0,1,0,0,0,0,0,0,0,0,0.0,0,0
281,SFH_URB_3_DHW_STO,34,28,37,0,0,0,0,1,0,0,0,0,0,0,0,0,0.0,0,0
282,MFH_RUR_HT_0_DHW_AW,35,16,41,0,0,0,1,0,0,0,0,0,0,0,0,0,0.0,0,0
283,MFH_RUR_HT_1_DHW_AW,36,16,41,0,0,0,1,0,0,0,0,0,0,0,0,0,0.0,0,0
284,MFH_RUR_HT_2_DHW_AW,37,16,41,0,0,0,1,0,0,0,0,0,0,0,0,0,0.0,0,0
285,MFH_RUR_HT_3_DHW_AW,38,16,41,0,0,0,1,0,0,0,0,0,0,0,0,0,0.0,0,0
286,MFH_SUB_HT_0_DHW_AW,39,16,41,0,0,0,1,0,0,0,0,0,0,0,0,0,0.0,0,0
287,MFH_SUB_HT_1_DHW_AW,40,16,41,0,0,0,1,0,0,0,0,0,0,0,0,0,0.0,0,0
288,MFH_SUB_HT_2_DHW_AW,41,16,41,0,0,0,1,0,0,0,0,0,0,0,0,0,0.0,0,0
289,MFH_SUB_HT_3_DHW_AW,42,16,41,0,0,0,1,0,0,0,0,0,0,0,0,0,0.0,0,0
290,MFH_URB_HT_0_DHW_AW,43,16,41,0,0,0,1,0,0,0,0,0,0,0,0,0,0.0,0,0
291,MFH_URB_HT_1_DHW_AW,44,16,41,0,0,0,1,0,0,0,0,0,0,0,0,0,0.0,0,0
292,MFH_URB_HT_2_DHW_AW,45,16,41,0,0,0,1,0,0,0,0,0,0,0,0,0,0.0,0,0
293,MFH_URB_HT_3_DHW_AW,46,16,41,0,0,0,1,0,0,0,0,0,0,0,0,0,0.0,0,0
294,SFH_RUR_HT_0_DHW_AW,47,16,39,0,0,0,1,0,0,0,0,0,0,0,0,0,0.0,0,0
295,SFH_RUR_HT_1_DHW_AW,48,16,39,0,0,0,1,0,0,0,0,0,0,0,0,0,0.0,0,0
296,SFH_RUR_HT_2_DHW_AW,49,16,39,0,0,0,1,0,0,0,0,0,0,0,0,0,0.0,0,0
297,SFH_RUR_HT_3_DHW_AW,50,16,39,0,0,0,1,0,0,0,0,0,0,0,0,0,0.0,0,0
298,SFH_SUB_HT_0_DHW_AW,51,16,39,0,0,0,1,0,0,0,0,0,0,0,0,0,0.0,0,0
299,SFH_SUB_HT_1_DHW_AW,52,16,39,0,0,0,1,0,0,0,0,0,0,0,0,0,0.0,0,0
300,SFH_SUB_HT_2_DHW_AW,53,16,39,0,0,0,1,0,0,0,0,0,0,0,0,0,0.0,0,0
301,SFH_SUB_HT_3_DHW_AW,54,16,39,0,0,0,1,0,0,0,0,0,0,0,0,0,0.0,0,0
302,SFH_URB_HT_0_DHW_AW,55,16,39,0,0,0,1,0,0,0,0,0,0,0,0,0,0.0,0,0
303,SFH_URB_HT_1_DHW_AW,56,16,39,0,0,0,1,0,0,0,0,0,0,0,0,0,0.0,0,0
304,SFH_URB_HT_2_DHW_AW,57,16,39,0,0,0,1,0,0,0,0,0,0,0,0,0,0.0,0,0
305,SFH_URB_HT_3_DHW_AW,58,16,39,0,0,0,1,0,0,0,0,0,0,0,0,0,0.0,0,0
306,MFH_RUR_HT_0_DHW_WW,35,16,42,0,0,0,1,0,0,0,0,0,0,0,0,0,0.0,0,0
307,MFH_RUR_HT_1_DHW_WW,36,16,42,0,0,0,1,0,0,0,0,0,0,0,0,0,0.0,0,0
308,MFH_RUR_HT_2_DHW_WW,37,16,42,0,0,0,1,0,0,0,0,0,0,0,0,0,0.0,0,0
309,MFH_RUR_HT_3_DHW_WW,38,16,42,0,0,0,1,0,0,0,0,0,0,0,0,0,0.0,0,0
310,MFH_SUB_HT_0_DHW_WW,39,16,42,0,0,0,1,0,0,0,0,0,0,0,0,0,0.0,0,0
311,MFH_SUB_HT_1_DHW_WW,40,16,42,0,0,0,1,0,0,0,0,0,0,0,0,0,0.0,0,0
312,MFH_SUB_HT_2_DHW_WW,41,16,42,0,0,0,1,0,0,0,0,0,0,0,0,0,0.0,0,0
313,MFH_SUB_HT_3_DHW_WW,42,16,42,0,0,0,1,0,0,0,0,0,0,0,0,0,0.0,0,0
314,MFH_URB_HT_0_DHW_WW,43,16,42,0,0,0,1,0,0,0,0,0,0,0,0,0,0.0,0,0
315,MFH_URB_HT_1_DHW_WW,44,16,42,0,0,0,1,0,0,0,0,0,0,0,0,0,0.0,0,0
316,MFH_URB_HT_2_DHW_WW,45,16,42,0,0,0,1,0,0,0,0,0,0,0,0,0,0.0,0,0
317,MFH_URB_HT_3_DHW_WW,46,16,42,0,0,0,1,0,0,0,0,0,0,0,0,0,0.0,0,0
318,SFH_RUR_HT_0_DHW_WW,47,16,40,0,0,0,1,0,0,0,0,0,0,0,0,0,0.0,0,0
319,SFH_RUR_HT_1_DHW_WW,48,16,40,0,0,0,1,0,0,0,0,0,0,0,0,0,0.0,0,0
320,SFH_RUR_HT_2_DHW_WW,49,16,40,0,0,0,1,0,0,0,0,0,0,0,0,0,0.0,0,0
321,SFH_RUR_HT_3_DHW_WW,50,16,40,0,0,0,1,0,0,0,0,0,0,0,0,0,0.0,0,0
322,SFH_SUB_HT_0_DHW_WW,51,16,40,0,0,0,1,0,0,0,0,0,0,0,0,0,0.0,0,0
323,SFH_SUB_HT_1_DHW_WW,52,16,40,0,0,0,1,0,0,0,0,0,0,0,0,0,0.0,0,0
324,SFH_SUB_HT_2_DHW_WW,53,16,40,0,0,0,1,0,0,0,0,0,0,0,0,0,0.0,0,0
325,SFH_SUB_HT_3_DHW_WW,54,16,40,0,0,0,1,0,0,0,0,0,0,0,0,0,0.0,0,0
326,SFH_URB_HT_0_DHW_WW,55,16,40,0,0,0,1,0,0,0,0,0,0,0,0,0,0.0,0,0
327,SFH_URB_HT_1_DHW_WW,56,16,40,0,0,0,1,0,0,0,0,0,0,0,0,0,0.0,0,0
328,SFH_URB_HT_2_DHW_WW,57,16,40,0,0,0,1,0,0,0,0,0,0,0,0,0,0.0,0,0
329,SFH_URB_HT_3_DHW_WW,58,16,40,0,0,0,1,0,0,0,0,0,0,0,0,0,0.0,0,0
330,IT_WIN_OFF,4,4,3,1,0,0,0,0,0,0,0,0,0,0,0,0,0.0,0,0
331,AT_STO_LI,0,19,43,0,0,0,0,1,0,0,0,0,0,0,0,0,0.0,0,0
332,DE_STO_LI,2,19,43,0,0,0,0,1,0,0,0,0,0,0,0,0,0.0,0,0
333,FR_STO_LI,3,19,43,0,0,0,0,1,0,0,0,0,0,0,0,0,0.0,0,0
334,IT_STO_LI,4,19,43,0,0,0,0,1,0,0,0,0,0,0,0,0,0.0,0,0
335,IND_RUR_DMND_FLEX,5,23,16,0,0,0,0,0,0,0,0,0,0,1,0,0,0.0,0,0
336,IND_SUB_DMND_FLEX,6,23,16,0,0,0,0,0,0,0,0,0,0,1,0,0,0.0,0,0
337,IND_URB_DMND_FLEX,7,23,16,0,0,0,0,0,0,0,0,0,0,1,0,0,0.0,0,0
338,MFH_RUR_0_DMND_FLEX,8,23,16,0,0,0,0,0,0,0,0,0,0,1,0,0,0.0,0,0
339,MFH_RUR_1_DMND_FLEX,9,23,16,0,0,0,0,0,0,0,0,0,0,1,0,0,0.0,0,0
340,MFH_RUR_2_DMND_FLEX,10,23,16,0,0,0,0,0,0,0,0,0,0,1,0,0,0.0,0,0
341,MFH_RUR_3_DMND_FLEX,11,23,16,0,0,0,0,0,0,0,0,0,0,1,0,0,0.0,0,0
342,MFH_SUB_0_DMND_FLEX,12,23,16,0,0,0,0,0,0,0,0,0,0,1,0,0,0.0,0,0
343,MFH_SUB_1_DMND_FLEX,13,23,16,0,0,0,0,0,0,0,0,0,0,1,0,0,0.0,0,0
344,MFH_SUB_2_DMND_FLEX,14,23,16,0,0,0,0,0,0,0,0,0,0,1,0,0,0.0,0,0
345,MFH_SUB_3_DMND_FLEX,15,23,16,0,0,0,0,0,0,0,0,0,0,1,0,0,0.0,0,0
346,MFH_URB_0_DMND_FLEX,16,23,16,0,0,0,0,0,0,0,0,0,0,1,0,0,0.0,0,0
347,MFH_URB_1_DMND_FLEX,17,23,16,0,0,0,0,0,0,0,0,0,0,1,0,0,0.0,0,0
348,MFH_URB_2_DMND_FLEX,18,23,16,0,0,0,0,0,0,0,0,0,0,1,0,0,0.0,0,0
349,MFH_URB_3_DMND_FLEX,19,23,16,0,0,0,0,0,0,0,0,0,0,1,0,0,0.0,0,0
350,OCO_RUR_DMND_FLEX,20,23,16,0,0,0,0,0,0,0,0,0,0,1,0,0,0.0,0,0
351,OCO_SUB_DMND_FLEX,21,23,16,0,0,0,0,0,0,0,0,0,0,1,0,0,0.0,0,0
352,OCO_URB_DMND_FLEX,22,23,16,0,0,0,0,0,0,0,0,0,0,1,0,0,0.0,0,0
353,SFH_RUR_0_DMND_FLEX,23,23,16,0,0,0,0,0,0,0,0,0,0,1,0,0,0.0,0,0
354,SFH_RUR_1_DMND_FLEX,24,23,16,0,0,0,0,0,0,0,0,0,0,1,0,0,0.0,0,0
355,SFH_RUR_2_DMND_FLEX,25,23,16,0,0,0,0,0,0,0,0,0,0,1,0,0,0.0,0,0
356,SFH_RUR_3_DMND_FLEX,26,23,16,0,0,0,0,0,0,0,0,0,0,1,0,0,0.0,0,0
357,SFH_SUB_0_DMND_FLEX,27,23,16,0,0,0,0,0,0,0,0,0,0,1,0,0,0.0,0,0
358,SFH_SUB_1_DMND_FLEX,28,23,16,0,0,0,0,0,0,0,0,0,0,1,0,0,0.0,0,0
359,SFH_SUB_2_DMND_FLEX,29,23,16,0,0,0,0,0,0,0,0,0,0,1,0,0,0.0,0,0
360,SFH_SUB_3_DMND_FLEX,30,23,16,0,0,0,0,0,0,0,0,0,0,1,0,0,0.0,0,0
361,SFH_URB_0_DMND_FLEX,31,23,16,0,0,0,0,0,0,0,0,0,0,1,0,0,0.0,0,0
362,SFH_URB_1_DMND_FLEX,32,23,16,0,0,0,0,0,0,0,0,0,0,1,0,0,0.0,0,0
363,SFH_URB_2_DMND_FLEX,33,23,16,0,0,0,0,0,0,0,0,0,0,1,0,0,0.0,0,0
364,SFH_URB_3_DMND_FLEX,34,23,16,0,0,0,0,0,0,0,0,0,0,1,0,0,0.0,0,0
365,MFH_RUR_0_V2G,8,19,45,0,0,0,0,1,0,0,0,0,0,0,0,0,0.0,0,0
366,MFH_RUR_1_V2G,9,19,45,0,0,0,0,1,0,0,0,0,0,0,0,0,0.0,0,0
367,MFH_RUR_2_V2G,10,19,45,0,0,0,0,1,0,0,0,0,0,0,0,0,0.0,0,0
368,MFH_RUR_3_V2G,11,19,45,0,0,0,0,1,0,0,0,0,0,0,0,0,0.0,0,0
369,MFH_SUB_0_V2G,12,19,45,0,0,0,0,1,0,0,0,0,0,0,0,0,0.0,0,0
370,MFH_SUB_1_V2G,13,19,45,0,0,0,0,1,0,0,0,0,0,0,0,0,0.0,0,0
371,MFH_SUB_2_V2G,14,19,45,0,0,0,0,1,0,0,0,0,0,0,0,0,0.0,0,0
372,MFH_SUB_3_V2G,15,19,45,0,0,0,0,1,0,0,0,0,0,0,0,0,0.0,0,0
373,MFH_URB_0_V2G,16,19,45,0,0,0,0,1,0,0,0,0,0,0,0,0,0.0,0,0
374,MFH_URB_1_V2G,17,19,45,0,0,0,0,1,0,0,0,0,0,0,0,0,0.0,0,0
375,MFH_URB_2_V2G,18,19,45,0,0,0,0,1,0,0,0,0,0,0,0,0,0.0,0,0
376,MFH_URB_3_V2G,19,19,45,0,0,0,0,1,0,0,0,0,0,0,0,0,0.0,0,0
377,SFH_RUR_0_V2G,23,19,44,0,0,0,0,1,0,0,0,0,0,0,0,0,0.0,0,0
378,SFH_RUR_1_V2G,24,19,44,0,0,0,0,1,0,0,0,0,0,0,0,0,0.0,0,0
379,SFH_RUR_2_V2G,25,19,44,0,0,0,0,1,0,0,0,0,0,0,0,0,0.0,0,0
380,SFH_RUR_3_V2G,26,19,44,0,0,0,0,1,0,0,0,0,0,0,0,0,0.0,0,0
381,SFH_SUB_0_V2G,27,19,44,0,0,0,0,1,0,0,0,0,0,0,0,0,0.0,0,0
382,SFH_SUB_1_V2G,28,19,44,0,0,0,0,1,0,0,0,0,0,0,0,0,0.0,0,0
383,SFH_SUB_2_V2G,29,19,44,0,0,0,0,1,0,0,0,0,0,0,0,0,0.0,0,0
384,SFH_SUB_3_V2G,30,19,44,0,0,0,0,1,0,0,0,0,0,0,0,0,0.0,0,0
385,SFH_URB_0_V2G,31,19,44,0,0,0,0,1,0,0,0,0,0,0,0,0,0.0,0,0
386,SFH_URB_1_V2G,32,19,44,0,0,0,0,1,0,0,0,0,0,0,0,0,0.0,0,0
387,SFH_URB_2_V2G,33,19,44,0,0,0,0,1,0,0,0,0,0,0,0,0,0.0,0,0
388,SFH_URB_3_V2G,34,19,44,0,0,0,0,1,0,0,0,0,0,0,0,0,0.0,0,0
389,MFH_RUR_HT_0_DHW_HP_STO,35,31,47,0,0,0,0,1,0,0,0,0,0,0,0,0,0.0,0,0
390,MFH_RUR_HT_1_DHW_HP_STO,36,31,47,0,0,0,0,1,0,0,0,0,0,0,0,0,0.0,0,0
391,MFH_RUR_HT_2_DHW_HP_STO,37,31,47,0,0,0,0,1,0,0,0,0,0,0,0,0,0.0,0,0
392,MFH_RUR_HT_3_DHW_HP_STO,38,31,47,0,0,0,0,1,0,0,0,0,0,0,0,0,0.0,0,0
393,MFH_SUB_HT_0_DHW_HP_STO,39,31,47,0,0,0,0,1,0,0,0,0,0,0,0,0,0.0,0,0
394,MFH_SUB_HT_1_DHW_HP_STO,40,31,47,0,0,0,0,1,0,0,0,0,0,0,0,0,0.0,0,0
395,MFH_SUB_HT_2_DHW_HP_STO,41,31,47,0,0,0,0,1,0,0,0,0,0,0,0,0,0.0,0,0
396,MFH_SUB_HT_3_DHW_HP_STO,42,31,47,0,0,0,0,1,0,0,0,0,0,0,0,0,0.0,0,0
397,MFH_URB_HT_0_DHW_HP_STO,43,31,47,0,0,0,0,1,0,0,0,0,0,0,0,0,0.0,0,0
398,MFH_URB_HT_1_DHW_HP_STO,44,31,47,0,0,0,0,1,0,0,0,0,0,0,0,0,0.0,0,0
399,MFH_URB_HT_2_DHW_HP_STO,45,31,47,0,0,0,0,1,0,0,0,0,0,0,0,0,0.0,0,0
400,MFH_URB_HT_3_DHW_HP_STO,46,31,47,0,0,0,0,1,0,0,0,0,0,0,0,0,0.0,0,0
401,SFH_RUR_HT_0_DHW_HP_STO,47,31,46,0,0,0,0,1,0,0,0,0,0,0,0,0,0.0,0,0
402,SFH_RUR_HT_1_DHW_HP_STO,48,31,46,0,0,0,0,1,0,0,0,0,0,0,0,0,0.0,0,0
403,SFH_RUR_HT_2_DHW_HP_STO,49,31,46,0,0,0,0,1,0,0,0,0,0,0,0,0,0.0,0,0
404,SFH_RUR_HT_3_DHW_HP_STO,50,31,46,0,0,0,0,1,0,0,0,0,0,0,0,0,0.0,0,0
405,SFH_SUB_HT_0_DHW_HP_STO,51,31,46,0,0,0,0,1,0,0,0,0,0,0,0,0,0.0,0,0
406,SFH_SUB_HT_1_DHW_HP_STO,52,31,46,0,0,0,0,1,0,0,0,0,0,0,0,0,0.0,0,0
407,SFH_SUB_HT_2_DHW_HP_STO,53,31,46,0,0,0,0,1,0,0,0,0,0,0,0,0,0.0,0,0
408,SFH_SUB_HT_3_DHW_HP_STO,54,31,46,0,0,0,0,1,0,0,0,0,0,0,0,0,0.0,0,0
409,SFH_URB_HT_0_DHW_HP_STO,55,31,46,0,0,0,0,1,0,0,0,0,0,0,0,0,0.0,0,0
410,SFH_URB_HT_1_DHW_HP_STO,56,31,46,0,0,0,0,1,0,0,0,0,0,0,0,0,0.0,0,0
411,SFH_URB_HT_2_DHW_HP_STO,57,31,46,0,0,0,0,1,0,0,0,0,0,0,0,0,0.0,0,0
412,SFH_URB_HT_3_DHW_HP_STO,58,31,46,0,0,0,0,1,0,0,0,0,0,0,0,0,0.0,0,0
