fl_id,nd_id,ca_id,pricesll_pf_id,pricebuy_pf_id,is_chp,erg_inp,erg_inp_yr2020,erg_inp_yr2025,erg_inp_yr2030,erg_inp_yr2035,erg_inp_yr2040,erg_inp_yr2045,erg_inp_yr2050,vc_fl,vc_fl_yr2020,vc_fl_yr2025,vc_fl_yr2030,vc_fl_yr2035,vc_fl_yr2040,vc_fl_yr2045,vc_fl_yr2050
15,0,0,,,,2423148.98380058,2974980.25069992,2924886.91373594,3111586.35722865,3085255.27034922,3952287.95100687,3793068.08199888,3236918.62488315,1.0,1.0,1.0,1.0,1.0,1.0,1.0,1.0
15,1,0,,,,195450.8442,809146.803230768,1724307.44389069,2477969.14796356,2704067.65918542,2800967.02113765,2844033.40422753,2854800.0,1.0,1.0,1.0,1.0,1.0,1.0,1.0,1.0
15,2,0,,,,40784295.0,40784295.0,40784295.0,40784295.0,40784295.0,40784295.0,40784295.0,40784295.0,1.0,1.0,1.0,1.0,1.0,1.0,1.0,1.0
15,3,0,,,,7287700.5,12384403.6067745,14106325.520514002,14684311.7698053,14810066.3830914,15013638.8114069,15398314.2467793,15559796.0443958,1.0,1.0,1.0,1.0,1.0,1.0,1.0,1.0
15,4,0,,,,16630857.0,20810235.4886864,21208929.3079825,20964976.1347989,21515322.2897355,26329836.491752803,26376601.8705101,26062628.005260102,1.0,1.0,1.0,1.0,1.0,1.0,1.0,1.0
0,0,0,,,,3837415.22291967,4519671.39325486,0.0,0.0,0.0,0.0,0.0,0.0,10.8351179180115,16.5510739918323,20.4892527167409,6.41,6.08,5.76,5.62,5.47
0,2,0,,,,0.0,0.0,0.0,0.0,0.0,0.0,0.0,0.0,8.45150924786796,16.5510739918323,20.4892527167409,6.41,6.08,5.76,5.62,5.47
0,3,0,,,,8070642.08243921,8334656.99163669,330600.45434457896,62797.3122718083,0.0,0.0,0.0,0.0,10.8351179180115,16.5510739918323,20.4892527167409,6.41,6.08,5.76,5.62,5.47
0,4,0,,,,53853059.9622313,61453986.1824939,41260345.3881933,1200000.0,1200000.0,0.0,0.0,0.0,12.1371685288369,16.5510739918323,20.4892527167409,6.41,6.08,5.76,5.62,5.47
1,2,0,,,,0.0,0.0,0.0,0.0,0.0,0.0,0.0,0.0,1.44,1.44,1.44,6.48,6.48,6.48,6.48,6.48
22,2,0,,,,249698835.173008,250545251.07467905,244466205.03039503,212224045.950738,167396193.995554,146771088.889292,104781991.705672,125221776.649399,0.0,0.0,0.0,0.0,0.0,0.0,0.0,0.0
13,0,0,,,,190389.863208238,197091.881012212,70482.0229923837,61684.4051398645,58249.5493106862,268.730917981588,268.730917981588,0.0,24.1080393000574,86.87796668839322,101.975496857013,38.19,36.38,34.57,32.77,30.96
13,1,0,,,,0.0,0.0,0.0,0.0,0.0,0.0,0.0,0.0,29.241509433962307,86.87796668839322,101.975496857013,38.19,36.38,34.57,32.77,30.96
13,2,0,,,,987165.880248495,861092.96834374,1827681.94808245,2796386.71842606,3071606.06589791,3312837.7940740013,3235510.89965214,505412.308419888,23.3059029696229,86.87796668839322,101.975496857013,38.19,36.38,34.57,32.77,30.96
13,3,0,,,,471950.598669214,0.0,308290.547175348,311630.37994716,222341.300379956,85322.7234210337,107403.522317454,17905.2164312854,32.7896200185357,86.87796668839322,101.975496857013,38.19,36.38,34.57,32.77,30.96
13,4,0,,,,8035037.014508097,7129057.79611107,7328282.57299932,7100329.72299174,4636287.6580171,4110184.56519111,2572247.28487012,790954.9717923241,38.3946500286862,86.87796668839322,101.975496857013,38.19,36.38,34.57,32.77,30.96
2,0,0,,,,6706152.09556566,13936802.3436361,13429319.4770377,11514450.0,9926100.0,8337750.0,8321120.0,8304490.0,38.0,56.3081783934865,63.0597627754026,63.0597627754026,29.671,18.63,17.84,16.27
2,1,0,,,,0.0,0.0,0.0,11514450.0,9926100.0,8337750.0,8321120.0,8304490.0,63.29,56.3081783934865,63.0597627754026,63.0597627754026,29.671,18.63,17.84,16.27
20,1,0,,,,2673000.0,3098700.0,5346000.0,7712100.0,15057900.0,12741300.0,11691900.0,10543500.0,0.0,0.0,0.0,0.0,0.0,0.0,0.0,0.0
2,2,0,,,,91879646.1038115,73969428.0382549,101205591.630207,50819000.0,34000000.0,34000000.0,23000000.0,23000000.0,29.5,56.3081783934865,63.0597627754026,63.0597627754026,29.671,18.63,17.84,16.27
2,3,0,,,,25494984.9869448,22102503.8146216,23433783.7968554,19182500.0,12009395.95,4836291.9,2637805.5,439319.1,42.2,56.3081783934865,63.0597627754026,63.0597627754026,29.671,18.63,17.84,16.27
2,4,0,,,,109190007.439397,124904448.591174,123003190.609459,75000000.0,62500000.0,50000000.0,37500000.0,25000000.0,41.8222222222222,56.3081783934865,63.0597627754026,63.0597627754026,29.671,18.63,17.84,16.27
3,1,0,,,,23424740.0,20661040.0,15228940.0,8395930.0,0.0,0.0,0.0,0.0,1.881,1.881,1.881,6.05,6.05,6.05,6.05,6.05
3,2,0,,,,92360843.1016297,32849068.8589401,0.0,0.0,0.0,0.0,0.0,0.0,1.881,1.881,1.881,6.05,6.05,6.05,6.05,6.05
3,3,0,,,,423454524.124899,377547216.873395,367091902.00370896,366963824.624427,361131045.876927,295197035.2,270121018.0,181500553.6,1.881,1.881,1.881,6.05,6.05,6.05,6.05,6.05
6,4,0,,,,5918513.10600001,5918513.1060000025,5918513.1060000025,5918513.1060000025,5918513.1060000025,5918513.1060000025,5478976.164,5478976.16400001,0.0,0.0,0.0,0.0,0.0,0.0,0.0,0.0
6,1,0,,,,0.0,97521.4452214456,282812.191142191,663145.827505828,1297035.22144523,2252745.38461538,3296224.84848485,4183670.0,0.0,0.0,0.0,0.0,0.0,0.0,0.0,0.0
7,0,0,,,,628843.8273584021,772052.3911953409,759052.41226207,807503.7429051821,800670.4274291359,1025678.52763039,984358.562375325,840029.362836212,0.5,0.5,0.5,0.5,0.5,0.5,0.5,0.5
7,1,0,,,,1998518.7525,2139377.39139706,2305846.69191176,2421094.66919118,2421094.66919118,2433900.0,2433900.0,2433900.0,0.5,0.5,0.5,0.5,0.5,0.5,0.5,0.5
7,2,0,,,,10556220.495,10556220.495,10556220.495,10556220.495,10556220.495,10556220.495,10556220.495,10556220.495,0.5,0.5,0.5,0.5,0.5,0.5,0.5,0.5
7,3,0,,,,3883260.0,6599044.39679472,7516572.56507606,7824553.23503127,7891561.7323741,8000035.546299403,8205010.31593547,8291056.08653382,0.5,0.5,0.5,0.5,0.5,0.5,0.5,0.5
7,4,0,,,,2232417.0,2793429.31509464,2846947.3544832,2814200.6829786,2888075.53573965,3534344.2969541,3540621.77420915,3498475.98494887,0.5,0.5,0.5,0.5,0.5,0.5,0.5,0.5
12,0,0,,,,15118028.956862198,16135879.341940802,17440415.692088198,17450514.3676318,17663854.2156857,17744118.7521424,17753828.588873006,18105633.5930027,0.0,0.0,0.0,0.0,0.0,0.0,0.0,0.0
12,1,0,,,,22014639.4543307,20462157.82251789,20661488.588033807,20871563.3111858,21031127.3184567,21260324.8422178,21343030.3308858,21376235.8195537,0.0,0.0,0.0,0.0,0.0,0.0,0.0,0.0
12,2,0,,,,3671569.77366174,3789155.36496366,3935407.22467116,4211793.82080224,4864968.1329341,5416598.10558957,6092904.98773243,6648233.50734648,0.0,0.0,0.0,0.0,0.0,0.0,0.0,0.0
12,3,0,,,,20884210.3518804,24078570.1393509,21330113.3384647,21346199.2116446,22154345.151799,24614999.4823282,27063811.4288559,29669421.6235633,0.0,0.0,0.0,0.0,0.0,0.0,0.0,0.0
12,4,0,,,,26833571.1150824,25931932.6896679,27362505.2475757,27963319.8484091,29242124.5377779,30273115.3488205,30845039.3000546,31318942.552744105,0.0,0.0,0.0,0.0,0.0,0.0,0.0,0.0
10,0,0,,,,25481082.6304324,26647681.7439407,26647681.7439407,26656568.2813144,26837653.3313727,26899851.4583661,26899851.4583661,27212500.2096157,0.0,0.0,0.0,0.0,0.0,0.0,0.0,0.0
10,1,0,,,,16595360.5456693,21078242.177482106,21265011.4119662,21371736.6888142,21558672.6815433,21745275.1577822,22038769.6691142,22332264.1804463,0.0,0.0,0.0,0.0,0.0,0.0,0.0,0.0
10,2,0,,,,18485224.2990091,18490505.8900617,18842460.380283806,19369695.7201118,20623650.9829662,21684746.4715858,22984949.2106793,23710260.3601822,0.0,0.0,0.0,0.0,0.0,0.0,0.0,0.0
10,3,0,,,,42151676.7465666,42151716.1418108,42151716.1418108,42151716.1418108,42708190.40511721,44194432.13950471,45766899.97784729,47366947.4463758,0.0,0.0,0.0,0.0,0.0,0.0,0.0,0.0
10,4,0,,,,20808303.065750506,21141349.2325959,21141349.2325959,21288050.4211163,21586895.936282106,21826664.4918907,21945992.407412,22017687.1771232,0.0,0.0,0.0,0.0,0.0,0.0,0.0,0.0
18,0,0,,,,0.0,0.0,0.0,0.0,0.0,0.0,0.0,0.0,500.0,500.0,500.0,500.0,500.0,500.0,500.0,500.0
18,1,0,,,,0.0,0.0,0.0,0.0,0.0,0.0,0.0,0.0,500.0,500.0,500.0,500.0,500.0,500.0,500.0,500.0
18,2,0,,,,0.0,0.0,0.0,0.0,0.0,0.0,0.0,0.0,500.0,500.0,500.0,500.0,500.0,500.0,500.0,500.0
18,3,0,,,,0.0,0.0,0.0,0.0,0.0,0.0,0.0,0.0,500.0,500.0,500.0,500.0,500.0,500.0,500.0,500.0
18,4,0,,,,0.0,0.0,0.0,0.0,0.0,0.0,0.0,0.0,500.0,500.0,500.0,500.0,500.0,500.0,500.0,500.0
8,0,0,,,,871449.3757507991,1174484.96984471,3124583.04888845,21132325.34,34693145.28,48253965.22,54957606.81,61661248.4,0.0,0.0,0.0,0.0,0.0,0.0,0.0,0.0
8,1,0,,,,280000.0,520000.0,980000.0,772678.0654,1253747.699,1734817.332,2215886.965,2696956.598,0.0,0.0,0.0,0.0,0.0,0.0,0.0,0.0
8,2,0,,,,34611594.8992242,48465362.989065,51777497.3135383,236717202.0,319773008.7,402828815.4,440401123.0,477973430.6,0.0,0.0,0.0,0.0,0.0,0.0,0.0,0.0
8,3,0,,,,8601328.49260166,31588710.5400291,39234166.1332964,53208715.22,73652750.26,94096785.3,119314551.3,144532317.3,0.0,0.0,0.0,0.0,0.0,0.0,0.0,0.0
8,4,0,,,,23409301.3112133,25552393.37655361,31473134.6097258,100770125.1,145812229.1,190854333.0,214197436.3,237540539.5,0.0,0.0,0.0,0.0,0.0,0.0,0.0,0.0
21,0,0,,,,3958212.1963833,4442621.1016639015,7230646.6035179,17864029.63,21266701.94,24669374.25,30398810.96,36128247.66,0.0,0.0,0.0,0.0,0.0,0.0,0.0,0.0
5,1,0,,,,346500.0,653400.0,980100.0,1445400.0,1742400.0,2564100.0,3395700.0,4217400.0,0.0,0.0,0.0,0.0,0.0,0.0,0.0,0.0
21,2,0,,,,66153320.4703975,109449743.805814,113228663.673167,295189404.1,365329050.4,435468696.7,466674407.2,468519920.7,0.0,0.0,0.0,0.0,0.0,0.0,0.0,0.0
21,3,0,,,,21516549.3184702,55128602.2396873,65349711.60088421,93182416.71,139240339.4,185298262.1,242952082.1,300605902.1,0.0,0.0,0.0,0.0,0.0,0.0,0.0,0.0
21,4,0,,,,14627998.112011902,14645538.0916048,25587731.0038847,58354916.12,73609366.11,88863816.09,99508695.71,110153575.3,0.0,0.0,0.0,0.0,0.0,0.0,0.0,0.0
8,5,0,,,,0.0,0.0,0.0,0.0,0.0,0.0,0.0,0.0,0.0,0.0,0.0,0.0,0.0,0.0,0.0,0.0
19,5,0,,,,0.0,0.0,0.0,0.0,0.0,0.0,0.0,0.0,0.0,0.0,0.0,0.0,0.0,0.0,0.0,0.0
8,6,0,,,,0.0,0.0,0.0,0.0,0.0,0.0,0.0,0.0,0.0,0.0,0.0,0.0,0.0,0.0,0.0,0.0
19,6,0,,,,0.0,0.0,0.0,0.0,0.0,0.0,0.0,0.0,0.0,0.0,0.0,0.0,0.0,0.0,0.0,0.0
8,7,0,,,,0.0,0.0,0.0,0.0,0.0,0.0,0.0,0.0,0.0,0.0,0.0,0.0,0.0,0.0,0.0,0.0
19,7,0,,,,0.0,0.0,0.0,0.0,0.0,0.0,0.0,0.0,0.0,0.0,0.0,0.0,0.0,0.0,0.0,0.0
8,8,0,,,,0.0,0.0,0.0,0.0,0.0,0.0,0.0,0.0,0.0,0.0,0.0,0.0,0.0,0.0,0.0,0.0
19,8,0,,,,0.0,0.0,0.0,0.0,0.0,0.0,0.0,0.0,0.0,0.0,0.0,0.0,0.0,0.0,0.0,0.0
8,12,0,,,,0.0,0.0,0.0,0.0,0.0,0.0,0.0,0.0,0.0,0.0,0.0,0.0,0.0,0.0,0.0,0.0
19,12,0,,,,0.0,0.0,0.0,0.0,0.0,0.0,0.0,0.0,0.0,0.0,0.0,0.0,0.0,0.0,0.0,0.0
8,16,0,,,,0.0,0.0,0.0,0.0,0.0,0.0,0.0,0.0,0.0,0.0,0.0,0.0,0.0,0.0,0.0,0.0
19,16,0,,,,0.0,0.0,0.0,0.0,0.0,0.0,0.0,0.0,0.0,0.0,0.0,0.0,0.0,0.0,0.0,0.0
8,20,0,,,,0.0,0.0,0.0,0.0,0.0,0.0,0.0,0.0,0.0,0.0,0.0,0.0,0.0,0.0,0.0,0.0
19,20,0,,,,0.0,0.0,0.0,0.0,0.0,0.0,0.0,0.0,0.0,0.0,0.0,0.0,0.0,0.0,0.0,0.0
8,21,0,,,,0.0,0.0,0.0,0.0,0.0,0.0,0.0,0.0,0.0,0.0,0.0,0.0,0.0,0.0,0.0,0.0
19,21,0,,,,0.0,0.0,0.0,0.0,0.0,0.0,0.0,0.0,0.0,0.0,0.0,0.0,0.0,0.0,0.0,0.0
8,22,0,,,,0.0,0.0,0.0,0.0,0.0,0.0,0.0,0.0,0.0,0.0,0.0,0.0,0.0,0.0,0.0,0.0
19,22,0,,,,0.0,0.0,0.0,0.0,0.0,0.0,0.0,0.0,0.0,0.0,0.0,0.0,0.0,0.0,0.0,0.0
8,23,0,,,,0.0,0.0,0.0,0.0,0.0,0.0,0.0,0.0,0.0,0.0,0.0,0.0,0.0,0.0,0.0,0.0
19,23,0,,,,0.0,0.0,0.0,0.0,0.0,0.0,0.0,0.0,0.0,0.0,0.0,0.0,0.0,0.0,0.0,0.0
8,27,0,,,,0.0,0.0,0.0,0.0,0.0,0.0,0.0,0.0,0.0,0.0,0.0,0.0,0.0,0.0,0.0,0.0
19,27,0,,,,0.0,0.0,0.0,0.0,0.0,0.0,0.0,0.0,0.0,0.0,0.0,0.0,0.0,0.0,0.0,0.0
8,31,0,,,,0.0,0.0,0.0,0.0,0.0,0.0,0.0,0.0,0.0,0.0,0.0,0.0,0.0,0.0,0.0,0.0
19,31,0,,,,0.0,0.0,0.0,0.0,0.0,0.0,0.0,0.0,0.0,0.0,0.0,0.0,0.0,0.0,0.0,0.0
8,9,0,,,,0.0,0.0,0.0,0.0,0.0,0.0,0.0,0.0,0.0,0.0,0.0,0.0,0.0,0.0,0.0,0.0
19,9,0,,,,0.0,0.0,0.0,0.0,0.0,0.0,0.0,0.0,0.0,0.0,0.0,0.0,0.0,0.0,0.0,0.0
8,13,0,,,,0.0,0.0,0.0,0.0,0.0,0.0,0.0,0.0,0.0,0.0,0.0,0.0,0.0,0.0,0.0,0.0
19,13,0,,,,0.0,0.0,0.0,0.0,0.0,0.0,0.0,0.0,0.0,0.0,0.0,0.0,0.0,0.0,0.0,0.0
8,17,0,,,,0.0,0.0,0.0,0.0,0.0,0.0,0.0,0.0,0.0,0.0,0.0,0.0,0.0,0.0,0.0,0.0
19,17,0,,,,0.0,0.0,0.0,0.0,0.0,0.0,0.0,0.0,0.0,0.0,0.0,0.0,0.0,0.0,0.0,0.0
8,10,0,,,,0.0,0.0,0.0,0.0,0.0,0.0,0.0,0.0,0.0,0.0,0.0,0.0,0.0,0.0,0.0,0.0
19,10,0,,,,0.0,0.0,0.0,0.0,0.0,0.0,0.0,0.0,0.0,0.0,0.0,0.0,0.0,0.0,0.0,0.0
8,14,0,,,,0.0,0.0,0.0,0.0,0.0,0.0,0.0,0.0,0.0,0.0,0.0,0.0,0.0,0.0,0.0,0.0
19,14,0,,,,0.0,0.0,0.0,0.0,0.0,0.0,0.0,0.0,0.0,0.0,0.0,0.0,0.0,0.0,0.0,0.0
8,18,0,,,,0.0,0.0,0.0,0.0,0.0,0.0,0.0,0.0,0.0,0.0,0.0,0.0,0.0,0.0,0.0,0.0
19,18,0,,,,0.0,0.0,0.0,0.0,0.0,0.0,0.0,0.0,0.0,0.0,0.0,0.0,0.0,0.0,0.0,0.0
8,11,0,,,,0.0,0.0,0.0,0.0,0.0,0.0,0.0,0.0,0.0,0.0,0.0,0.0,0.0,0.0,0.0,0.0
19,11,0,,,,0.0,0.0,0.0,0.0,0.0,0.0,0.0,0.0,0.0,0.0,0.0,0.0,0.0,0.0,0.0,0.0
8,15,0,,,,0.0,0.0,0.0,0.0,0.0,0.0,0.0,0.0,0.0,0.0,0.0,0.0,0.0,0.0,0.0,0.0
19,15,0,,,,0.0,0.0,0.0,0.0,0.0,0.0,0.0,0.0,0.0,0.0,0.0,0.0,0.0,0.0,0.0,0.0
8,19,0,,,,0.0,0.0,0.0,0.0,0.0,0.0,0.0,0.0,0.0,0.0,0.0,0.0,0.0,0.0,0.0,0.0
19,19,0,,,,0.0,0.0,0.0,0.0,0.0,0.0,0.0,0.0,0.0,0.0,0.0,0.0,0.0,0.0,0.0,0.0
8,24,0,,,,0.0,0.0,0.0,0.0,0.0,0.0,0.0,0.0,0.0,0.0,0.0,0.0,0.0,0.0,0.0,0.0
19,24,0,,,,0.0,0.0,0.0,0.0,0.0,0.0,0.0,0.0,0.0,0.0,0.0,0.0,0.0,0.0,0.0,0.0
8,25,0,,,,0.0,0.0,0.0,0.0,0.0,0.0,0.0,0.0,0.0,0.0,0.0,0.0,0.0,0.0,0.0,0.0
19,25,0,,,,0.0,0.0,0.0,0.0,0.0,0.0,0.0,0.0,0.0,0.0,0.0,0.0,0.0,0.0,0.0,0.0
8,26,0,,,,0.0,0.0,0.0,0.0,0.0,0.0,0.0,0.0,0.0,0.0,0.0,0.0,0.0,0.0,0.0,0.0
19,26,0,,,,0.0,0.0,0.0,0.0,0.0,0.0,0.0,0.0,0.0,0.0,0.0,0.0,0.0,0.0,0.0,0.0
8,28,0,,,,0.0,0.0,0.0,0.0,0.0,0.0,0.0,0.0,0.0,0.0,0.0,0.0,0.0,0.0,0.0,0.0
19,28,0,,,,0.0,0.0,0.0,0.0,0.0,0.0,0.0,0.0,0.0,0.0,0.0,0.0,0.0,0.0,0.0,0.0
8,29,0,,,,0.0,0.0,0.0,0.0,0.0,0.0,0.0,0.0,0.0,0.0,0.0,0.0,0.0,0.0,0.0,0.0
19,29,0,,,,0.0,0.0,0.0,0.0,0.0,0.0,0.0,0.0,0.0,0.0,0.0,0.0,0.0,0.0,0.0,0.0
8,30,0,,,,0.0,0.0,0.0,0.0,0.0,0.0,0.0,0.0,0.0,0.0,0.0,0.0,0.0,0.0,0.0,0.0
19,30,0,,,,0.0,0.0,0.0,0.0,0.0,0.0,0.0,0.0,0.0,0.0,0.0,0.0,0.0,0.0,0.0,0.0
8,32,0,,,,0.0,0.0,0.0,0.0,0.0,0.0,0.0,0.0,0.0,0.0,0.0,0.0,0.0,0.0,0.0,0.0
19,32,0,,,,0.0,0.0,0.0,0.0,0.0,0.0,0.0,0.0,0.0,0.0,0.0,0.0,0.0,0.0,0.0,0.0
8,33,0,,,,0.0,0.0,0.0,0.0,0.0,0.0,0.0,0.0,0.0,0.0,0.0,0.0,0.0,0.0,0.0,0.0
19,33,0,,,,0.0,0.0,0.0,0.0,0.0,0.0,0.0,0.0,0.0,0.0,0.0,0.0,0.0,0.0,0.0,0.0
8,34,0,,,,0.0,0.0,0.0,0.0,0.0,0.0,0.0,0.0,0.0,0.0,0.0,0.0,0.0,0.0,0.0,0.0
19,34,0,,,,0.0,0.0,0.0,0.0,0.0,0.0,0.0,0.0,0.0,0.0,0.0,0.0,0.0,0.0,0.0,0.0
