nd_id,ca_id,dmnd_pf_id,grid_losses,grid_losses_absolute,dmnd_sum,dmnd_sum_yr2020,dmnd_sum_yr2025,dmnd_sum_yr2030,dmnd_sum_yr2035,dmnd_sum_yr2040,dmnd_sum_yr2045,dmnd_sum_yr2050,vc_dmnd_flex
0,0,3,0.036599602,3326944.4439999997,69682290.0,72506178.76,77048730.13,90676384.24,111286067.4,81591281.5,86133832.87,90676384.24,0.1
2,0,1,0.039569865,25605000.0,545230000.0,651500000.0,685910000.0,771370000.0,858189860.3,720320000.0,745845000.0,771370000.0,0.1
3,0,2,0.06488524400000001,35988888.89,457984700.0,523310000.0,546925000.0,555028017.1,563131034.2,570540000.0,584015000.0,597490000.0,0.1
4,0,4,0.060990877,19716944.44,306304600.0,325640000.0,350279591.4,374919182.9,376288954.6,374919182.9,392063853.8,409208524.6,0.1
1,0,0,0.041333623,142320.0,4744000.0,4895908.923,5006768.228,5080297.359,5153826.491,5248848.7530000005,5368757.797,5495454.147000001,0.1
5,0,43,0.041333623,0.0,5587308.216,5766220.943,5896786.944,5983386.841,6069986.738,6181900.455,6323124.905,6472343.19,0.1
6,0,44,0.041333623,0.0,5268912.345,5437629.631,5560755.256,5642420.209,5724085.163,5829621.414,5962798.11,6103513.107999999,0.1
7,0,45,0.041333623,0.0,8110959.025,8370682.266,8560221.743999999,8685936.702,8811651.659,8974114.071,9179126.161,9395742.705,0.1
8,0,46,0.041333623,0.0,131305.2103,136221.3887,139848.2278,142302.5527,144756.8776,147756.1437,151537.0858,155531.2123,0.1
9,0,47,0.041333623,0.0,517262.3036,536246.2179,550254.3722,559737.6122,569220.8523,580796.6629,595389.0827,610804.2139,0.1
10,0,48,0.041333623,0.0,398117.1404,413071.9163,424104.1952,431569.3885,439034.5817,448158.9588,459661.3929,471812.3877,0.1
11,0,49,0.041333623,0.0,833232.7075,863653.4829,886102.1461,901301.0382,916499.9303,935047.0767,958427.4037,983125.8704,0.1
12,0,50,0.041333623,0.0,1314085.922,1366149.471,1404535.805,1430484.195,1456432.586,1488239.764,1528338.904,1570699.4880000001,0.1
13,0,51,0.041333623,0.0,614260.6085,637172.5927,654076.264,665516.0264,676955.7888,690932.6154,708552.0477,727164.9177,0.1
14,0,52,0.041333623,0.0,1008107.998,1046426.3409999999,1074690.572,1093811.679,1112932.7859999998,1136318.933,1165800.495,1196944.443,0.1
15,0,53,0.041333623,0.0,44200.60314,45925.32037,47197.14969,48057.126580000004,48917.10347,49970.398219999995,51298.261230000004,52701.006480000004,0.1
16,0,54,0.041333623,0.0,2549413.451,2637748.833,2702973.63,2747181.858,2791390.085,2845171.918,2912964.796,2984578.8680000002,0.1
17,0,55,0.041333623,0.0,196499.6875,203179.1504,208112.2216,211457.1388,214802.0561,218866.6049,223989.9228,229401.9959,0.1
18,0,56,0.041333623,0.0,2989072.7389999996,3094911.5719999997,3173040.9889999996,3225971.6980000013,3278902.4069999997,3343378.852,3424654.435,3510511.599,0.1
19,0,57,0.041333623,0.0,625087.1407,646672.7521,662611.6969,673415.6107,684219.5246,697360.418,713924.6651,731422.5538,0.1
20,0,58,0.041333623,0.0,1484086.4409999999,1531608.78,1566289.385,1589291.8269999996,1612294.269,1642020.503,1679532.178,1719167.155,0.1
21,0,59,0.041333623,0.0,1835452.448,1894225.9740000002,1937117.4119999998,1965565.814,1994014.217,2030778.3069999998,2077171.0880000002,2126189.874,0.1
22,0,60,0.041333623,0.0,12440618.69,12838983.15,13129699.5,13322521.56,13515343.62,13764529.07,14078977.36,14411224.61,0.1
23,0,61,0.041333623,0.0,911586.7807,949119.3974,977163.2229,996578.0221,1015992.821,1038325.1190000001,1066410.1,1096063.995,0.1
24,0,62,0.041333623,0.0,714903.8990000002,744802.9867,767135.0637,782585.7652,798036.4668,815840.9065,838232.9294,861876.1111,0.1
25,0,63,0.041333623,0.0,488444.9828,508231.3287,523021.0454,533266.8697,543512.694,555275.8805,570068.3283,585686.9382,0.1
26,0,64,0.041333623,0.0,192692.1478,200581.7818,206477.5685,210560.1675,214642.7664,219335.8368,225237.699,231469.2316,0.1
27,0,65,0.041333623,0.0,790436.3261,824677.0106,850231.6208,867887.1884,885542.7561,905968.0716,931659.4152,958786.9478,0.1
28,0,66,0.041333623,0.0,563984.1616,587382.2113,604861.8083,616959.2147,629056.621,642984.1113,660499.7285,678993.9255,0.1
29,0,67,0.041333623,0.0,171569.1631,179036.0654,184608.2112,188457.2816,192306.35199999998,196761.5298,202365.4245,208282.6056,0.1
30,0,68,0.041333623,0.0,465977.1097,485018.4055,499248.2973,509102.7391,518957.1809,530282.5473,544524.8801,559562.749,0.1
31,0,69,0.041333623,0.0,70772.31722000001,73504.82161,75549.66733,76969.16208,78388.65684,80008.99094,82046.22567,84197.16054,0.1
32,0,70,0.041333623,0.0,352532.9648,365722.1601,375600.0144,382466.5633,389333.1123,397140.376,406955.1765,417317.4869,0.1
33,0,71,0.041333623,0.0,498002.9708,517059.0898,531322.7569,541228.2087,551133.6606,562428.0677,576627.9514,591620.2376,0.1
34,0,72,0.041333623,0.0,192567.3655,199694.5829,205033.8878,208747.2801,212460.6725,216676.9918,221977.2528,227573.1341,0.1
47,2,109,0.0,0.0,0.0,379769.5549,759539.1127,1139308.668,1519078.225,1898847.78,2278617.338,2658386.893,0.0
36,2,98,0.0,0.0,0.0,72721.13927999999,145442.2791,218163.4184,290884.5583,363605.6975,436326.8374,509047.9767,0.0
37,2,99,0.0,0.0,0.0,102043.0161,204086.0329,306129.049,408172.0659,510215.08200000005,612258.0988,714301.1149,0.0
38,2,100,0.0,0.0,0.0,171168.0818,342336.1649,513504.2467,684672.3298,855840.4116,1027008.495,1198176.576,0.0
39,2,101,0.0,0.0,0.0,497561.8993,995123.8025,1492685.7019999996,1990247.605,2487809.504,2985371.4069999997,3482933.307,0.0
40,2,102,0.0,0.0,0.0,123721.5839,247443.1688,371164.7528,494886.3377,618607.9216,742329.5065,866051.0905,0.0
41,2,103,0.0,0.0,0.0,297382.5929,594765.1882,892147.7811,1189530.376,1486912.969,1784295.565,2081678.157,0.0
42,2,104,0.0,0.0,0.0,24753.57335,49507.1469,74260.72025,99014.2938,123767.8671,148521.4407,173275.014,0.0
43,2,105,0.0,0.0,0.0,244801.2537,489602.5094,734403.7632,979205.0189,1224006.273,1468807.5280000004,1713608.782,0.0
44,2,106,0.0,0.0,0.0,9302.128974,18604.258019999997,27906.387000000002,37208.516039999995,46510.645019999996,55812.77406,65114.90304,0.0
45,2,107,0.0,0.0,0.0,349891.3142,699782.6311,1049673.945,1399565.2619999999,1749456.576,2099347.893,2449239.207,0.0
46,2,108,0.0,0.0,0.0,44295.05149,88590.10334,132885.1548,177180.2067,221475.2582,265770.31,310065.3615,0.0
48,2,110,0.0,0.0,0.0,361799.0589,723598.1207,1085397.18,1447196.241,1808995.3,2170794.3619999997,2532593.421,0.0
49,2,111,0.0,0.0,0.0,141653.6133,283307.2278,424960.8411,566614.4556,708268.0689,849921.6834,991575.2967,0.0
50,2,112,0.0,0.0,0.0,117172.3379,234344.6768,351517.0147,468689.3536,585861.6915,703034.0303,820206.3682,0.0
51,2,113,0.0,0.0,0.0,511375.2373,1022750.479,1534125.716,2045500.957,2556876.195,3068251.436,3579626.673,0.0
52,2,114,0.0,0.0,0.0,289973.0313,579946.0648,869919.0961,1159892.13,1449865.1609999996,1739838.1940000001,2029811.226,0.0
53,2,115,0.0,0.0,0.0,138599.15300000002,277198.3071,415797.4601,554396.6142,692995.7673,831594.9214,970194.0744,0.0
54,2,116,0.0,0.0,0.0,171776.9677,343553.9367,515330.9043,687107.8733,858884.8409999999,1030661.81,1202438.778,0.0
55,2,117,0.0,0.0,0.0,20447.5743,40895.148760000004,61342.72307000001,81790.29753,102237.8718,122685.4463,143133.0206,0.0
56,2,118,0.0,0.0,0.0,68817.69831,137635.3972,206453.0955,275270.7943,344088.4926,412906.1915,481723.8898,0.0
57,2,119,0.0,0.0,0.0,119697.7343,239395.4696,359093.20399999997,478790.9393,598488.6736,718186.4089,837884.1432,0.0
58,2,120,0.0,0.0,0.0,27304.01807,54608.03636000001,81912.05442999999,109216.0727,136520.0908,163824.1091,191128.1272,0.0
35,2,97,0.0,0.0,0.0,41954.395319999996,83908.79097,125863.1863,167817.5819,209771.9773,251726.3729,293680.7682,0.0
36,1,74,0.0,0.0,0.0,72721.13927999999,145442.2791,218163.4184,290884.5583,363605.6975,436326.8374,509047.9767,0.0
35,1,73,0.0,0.0,0.0,41954.395319999996,83908.79097,125863.1863,167817.5819,209771.9773,251726.3729,293680.7682,0.0
58,1,96,0.0,0.0,0.0,27304.01807,54608.03636000001,81912.05442999999,109216.0727,136520.0908,163824.1091,191128.1272,0.0
46,1,84,0.0,0.0,0.0,44295.05149,88590.10334,132885.1548,177180.2067,221475.2582,265770.31,310065.3615,0.0
57,1,95,0.0,0.0,0.0,119697.7343,239395.4696,359093.20399999997,478790.9393,598488.6736,718186.4089,837884.1432,0.0
37,1,75,0.0,0.0,0.0,102043.0161,204086.0329,306129.049,408172.0659,510215.08200000005,612258.0988,714301.1149,0.0
38,1,76,0.0,0.0,0.0,171168.0818,342336.1649,513504.2467,684672.3298,855840.4116,1027008.495,1198176.576,0.0
39,1,77,0.0,0.0,0.0,497561.8993,995123.8025,1492685.7019999996,1990247.605,2487809.504,2985371.4069999997,3482933.307,0.0
40,1,78,0.0,0.0,0.0,123721.5839,247443.1688,371164.7528,494886.3377,618607.9216,742329.5065,866051.0905,0.0
41,1,79,0.0,0.0,0.0,297382.5929,594765.1882,892147.7811,1189530.376,1486912.969,1784295.565,2081678.157,0.0
43,1,81,0.0,0.0,0.0,244801.2537,489602.5094,734403.7632,979205.0189,1224006.273,1468807.5280000004,1713608.782,0.0
44,1,82,0.0,0.0,0.0,9302.128974,18604.258019999997,27906.387000000002,37208.516039999995,46510.645019999996,55812.77406,65114.90304,0.0
45,1,83,0.0,0.0,0.0,349891.3142,699782.6311,1049673.945,1399565.2619999999,1749456.576,2099347.893,2449239.207,0.0
42,1,80,0.0,0.0,0.0,24753.57335,49507.1469,74260.72025,99014.2938,123767.8671,148521.4407,173275.014,0.0
47,1,85,0.0,0.0,0.0,379769.5549,759539.1127,1139308.668,1519078.225,1898847.78,2278617.338,2658386.893,0.0
49,1,87,0.0,0.0,0.0,141653.6133,283307.2278,424960.8411,566614.4556,708268.0689,849921.6834,991575.2967,0.0
50,1,88,0.0,0.0,0.0,117172.3379,234344.6768,351517.0147,468689.3536,585861.6915,703034.0303,820206.3682,0.0
51,1,89,0.0,0.0,0.0,511375.2373,1022750.479,1534125.716,2045500.957,2556876.195,3068251.436,3579626.673,0.0
52,1,90,0.0,0.0,0.0,289973.0313,579946.0648,869919.0961,1159892.13,1449865.1609999996,1739838.1940000001,2029811.226,0.0
53,1,91,0.0,0.0,0.0,138599.15300000002,277198.3071,415797.4601,554396.6142,692995.7673,831594.9214,970194.0744,0.0
54,1,92,0.0,0.0,0.0,171776.9677,343553.9367,515330.9043,687107.8733,858884.8409999999,1030661.81,1202438.778,0.0
55,1,93,0.0,0.0,0.0,20447.5743,40895.148760000004,61342.72307000001,81790.29753,102237.8718,122685.4463,143133.0206,0.0
48,1,86,0.0,0.0,0.0,361799.0589,723598.1207,1085397.18,1447196.241,1808995.3,2170794.3619999997,2532593.421,0.0
56,1,94,0.0,0.0,0.0,68817.69831,137635.3972,206453.0955,275270.7943,344088.4926,412906.1915,481723.8898,0.0
53,0,139,0.0,0.0,0.0,0.0,0.0,0.0,0.0,0.0,0.0,0.0,0.0
49,0,135,0.0,0.0,0.0,0.0,0.0,0.0,0.0,0.0,0.0,0.0,0.0
50,0,136,0.0,0.0,0.0,0.0,0.0,0.0,0.0,0.0,0.0,0.0,0.0
51,0,137,0.0,0.0,0.0,0.0,0.0,0.0,0.0,0.0,0.0,0.0,0.0
52,0,138,0.0,0.0,0.0,0.0,0.0,0.0,0.0,0.0,0.0,0.0,0.0
57,0,143,0.0,0.0,0.0,0.0,0.0,0.0,0.0,0.0,0.0,0.0,0.0
54,0,140,0.0,0.0,0.0,0.0,0.0,0.0,0.0,0.0,0.0,0.0,0.0
55,0,141,0.0,0.0,0.0,0.0,0.0,0.0,0.0,0.0,0.0,0.0,0.0
56,0,142,0.0,0.0,0.0,0.0,0.0,0.0,0.0,0.0,0.0,0.0,0.0
47,0,133,0.0,0.0,0.0,0.0,0.0,0.0,0.0,0.0,0.0,0.0,0.0
48,0,134,0.0,0.0,0.0,0.0,0.0,0.0,0.0,0.0,0.0,0.0,0.0
36,0,122,0.0,0.0,0.0,0.0,0.0,0.0,0.0,0.0,0.0,0.0,0.0
46,0,132,0.0,0.0,0.0,0.0,0.0,0.0,0.0,0.0,0.0,0.0,0.0
45,0,131,0.0,0.0,0.0,0.0,0.0,0.0,0.0,0.0,0.0,0.0,0.0
44,0,130,0.0,0.0,0.0,0.0,0.0,0.0,0.0,0.0,0.0,0.0,0.0
43,0,129,0.0,0.0,0.0,0.0,0.0,0.0,0.0,0.0,0.0,0.0,0.0
42,0,128,0.0,0.0,0.0,0.0,0.0,0.0,0.0,0.0,0.0,0.0,0.0
41,0,127,0.0,0.0,0.0,0.0,0.0,0.0,0.0,0.0,0.0,0.0,0.0
40,0,126,0.0,0.0,0.0,0.0,0.0,0.0,0.0,0.0,0.0,0.0,0.0
39,0,125,0.0,0.0,0.0,0.0,0.0,0.0,0.0,0.0,0.0,0.0,0.0
38,0,124,0.0,0.0,0.0,0.0,0.0,0.0,0.0,0.0,0.0,0.0,0.0
37,0,123,0.0,0.0,0.0,0.0,0.0,0.0,0.0,0.0,0.0,0.0,0.0
35,0,121,0.0,0.0,0.0,0.0,0.0,0.0,0.0,0.0,0.0,0.0,0.0
58,0,144,0.0,0.0,0.0,0.0,0.0,0.0,0.0,0.0,0.0,0.0,0.0
8,3,193,0.0,0.0,15209.55,15209.55,15209.55,15209.55,15209.55,15209.55,15209.55,15209.55,0.0
9,3,194,0.0,0.0,47961.0,47961.0,47961.0,47961.0,47961.0,47961.0,47961.0,47961.0,0.0
10,3,195,0.0,0.0,47643.45,47643.45,47643.45,47643.45,47643.45,47643.45,47643.45,47643.45,0.0
11,3,196,0.0,0.0,72277.3,72277.3,72277.3,72277.3,72277.3,72277.3,72277.3,72277.3,0.0
12,3,197,0.0,0.0,241626.35,241626.35,241626.35,241626.35,241626.35,241626.35,241626.35,241626.35,0.0
13,3,198,0.0,0.0,68452.1,68452.1,68452.1,68452.1,68452.1,68452.1,68452.1,68452.1,0.0
14,3,199,0.0,0.0,134695.95,134695.95,134695.95,134695.95,134695.95,134695.95,134695.95,134695.95,0.0
15,3,200,0.0,0.0,7300.0,7300.0,7300.0,7300.0,7300.0,7300.0,7300.0,7300.0,0.0
16,3,201,0.0,0.0,73054.75,73054.75,73054.75,73054.75,73054.75,73054.75,73054.75,73054.75,0.0
17,3,202,0.0,0.0,1598.7,1598.7,1598.7,1598.7,1598.7,1598.7,1598.7,1598.7,0.0
18,3,203,0.0,0.0,156530.25,156530.25,156530.25,156530.25,156530.25,156530.25,156530.25,156530.25,0.0
19,3,204,0.0,0.0,15625.65,15625.65,15625.65,15625.65,15625.65,15625.65,15625.65,15625.65,0.0
23,3,205,0.0,0.0,153453.3,153453.3,153453.3,153453.3,153453.3,153453.3,153453.3,153453.3,0.0
24,3,206,0.0,0.0,134849.25,134849.25,134849.25,134849.25,134849.25,134849.25,134849.25,134849.25,0.0
25,3,207,0.0,0.0,72094.8,72094.8,72094.8,72094.8,72094.8,72094.8,72094.8,72094.8,0.0
26,3,208,0.0,0.0,31061.5,31061.5,31061.5,31061.5,31061.5,31061.5,31061.5,31061.5,0.0
27,3,209,0.0,0.0,186029.55,186029.55,186029.55,186029.55,186029.55,186029.55,186029.55,186029.55,0.0
28,3,210,0.0,0.0,100473.55,100473.55,100473.55,100473.55,100473.55,100473.55,100473.55,100473.55,0.0
29,3,211,0.0,0.0,41464.0,41464.0,41464.0,41464.0,41464.0,41464.0,41464.0,41464.0,0.0
30,3,212,0.0,0.0,73934.4,73934.4,73934.4,73934.4,73934.4,73934.4,73934.4,73934.4,0.0
31,3,213,0.0,0.0,6248.8,6248.8,6248.8,6248.8,6248.8,6248.8,6248.8,6248.8,0.0
32,3,214,0.0,0.0,17947.05,17947.05,17947.05,17947.05,17947.05,17947.05,17947.05,17947.05,0.0
33,3,215,0.0,0.0,38609.7,38609.7,38609.7,38609.7,38609.7,38609.7,38609.7,38609.7,0.0
34,3,216,0.0,0.0,7391.25,7391.25,7391.25,7391.25,7391.25,7391.25,7391.25,7391.25,0.0
35,4,217,0.0,0.0,0.0,4305.435719,8610.871437,12916.30716,17221.74284,21527.17856,25832.61428,30138.05,0.0
36,4,218,0.0,0.0,0.0,19243.84288,38487.68575,57731.52862999999,76975.37137000001,96219.21425,115463.0571,134706.9,0.0
37,4,219,0.0,0.0,0.0,13697.407159999999,27394.81431,41092.22147,54789.628529999994,68487.03569,82184.44284,95881.85,0.0
38,4,220,0.0,0.0,0.0,31728.40717,63456.81435,95185.22152,126913.6285,158642.0357,190370.4428,222098.85,0.0
39,4,221,0.0,0.0,0.0,90537.20723,181074.4145,271611.6217,362148.8283,452686.0355,543223.2428,633760.45,0.0
40,4,222,0.0,0.0,0.0,45171.357189999995,90342.71437999999,135514.0716,180685.4284,225856.7856,271028.1428,316199.5,0.0
41,4,223,0.0,0.0,0.0,72340.39293,144680.7859,217021.1788,289361.5712,361701.9641,434042.3571,506382.75,0.0
42,4,224,0.0,0.0,0.0,2994.564289,5989.128577,8983.692866,11978.25713,14972.821419999998,17967.38571,20961.95,0.0
43,4,225,0.0,0.0,0.0,68478.1715,136956.343,205434.5145,273912.6855,342390.857,410869.0285,479347.2,0.0
44,4,226,0.0,0.0,0.0,5832.178577000002,11664.35715,17496.53573,23328.71427,29160.89285,34993.07142,40825.25,0.0
45,4,227,0.0,0.0,0.0,72345.60722,144691.2144,217036.8216,289382.4284,361728.0356,434073.6428,506419.25,0.0
46,4,228,0.0,0.0,0.0,16999.09287,33998.18575,50997.27862,67996.37138,84995.46425,101994.5571,118993.65,0.0
47,4,229,0.0,0.0,0.0,24920.11431,49840.22862,74760.34293,99680.45707,124600.5714,149520.6857,174440.8,0.0
48,4,230,0.0,0.0,0.0,18279.20002,36558.40004,54837.60005,73116.79995,91395.99996,109675.2,127954.4,0.0
49,4,231,0.0,0.0,0.0,14418.54287,28837.08574,43255.62861,57674.171389999996,72092.71426000001,86511.25713,100929.8,0.0
50,4,232,0.0,0.0,0.0,5497.942863,10995.88573,16493.82859,21991.77141,27489.71427,32987.657139999996,38485.6,0.0
51,4,233,0.0,0.0,0.0,34326.68575,68653.3715,102980.0572,137306.7428,171633.4285,205960.1143,240286.8,0.0
52,4,234,0.0,0.0,0.0,27097.0786,54194.1572,81291.2358,108388.3142,135485.3928,162582.4714,189679.55,0.0
53,4,235,0.0,0.0,0.0,7365.178579,14730.35716,22095.53574,29460.71426,36825.89284,44191.07142,51556.25,0.0
54,4,236,0.0,0.0,0.0,23121.18574,46242.37147,69363.55721,92484.74279,115605.9285,138727.1143,161848.3,0.0
55,4,237,0.0,0.0,0.0,1239.957144,2479.914288,3719.871432,4959.828568,6199.785712,7439.742856,8679.7,0.0
56,4,238,0.0,0.0,0.0,7761.464293000001,15522.928590000001,23284.39288,31045.85712,38807.321410000004,46568.785710000004,54330.25,0.0
57,4,239,0.0,0.0,0.0,9459.235724,18918.47145,28377.707169999998,37836.94283,47296.17855,56755.41428,66214.65,0.0
58,4,240,0.0,0.0,0.0,4529.6500049999995,9059.300009,13588.950009999999,18118.59999,22648.24999,27177.9,31707.55,0.0
35,5,241,0.0,0.0,0.0,4305.435719,8610.871437,12916.30716,17221.74284,21527.17856,25832.61428,30138.05,0.0
36,5,242,0.0,0.0,0.0,19243.84288,38487.68575,57731.52862999999,76975.37137000001,96219.21425,115463.0571,134706.9,0.0
37,5,243,0.0,0.0,0.0,13697.407159999999,27394.81431,41092.22147,54789.628529999994,68487.03569,82184.44284,95881.85,0.0
38,5,244,0.0,0.0,0.0,31728.40717,63456.81435,95185.22152,126913.6285,158642.0357,190370.4428,222098.85,0.0
39,5,245,0.0,0.0,0.0,90537.20723,181074.4145,271611.6217,362148.8283,452686.0355,543223.2428,633760.45,0.0
40,5,246,0.0,0.0,0.0,45171.357189999995,90342.71437999999,135514.0716,180685.4284,225856.7856,271028.1428,316199.5,0.0
41,5,247,0.0,0.0,0.0,72340.39293,144680.7859,217021.1788,289361.5712,361701.9641,434042.3571,506382.75,0.0
42,5,248,0.0,0.0,0.0,2994.564289,5989.128577,8983.692866,11978.25713,14972.821419999998,17967.38571,20961.95,0.0
43,5,249,0.0,0.0,0.0,68478.1715,136956.343,205434.5145,273912.6855,342390.857,410869.0285,479347.2,0.0
44,5,250,0.0,0.0,0.0,5832.178577000002,11664.35715,17496.53573,23328.71427,29160.89285,34993.07142,40825.25,0.0
45,5,251,0.0,0.0,0.0,72345.60722,144691.2144,217036.8216,289382.4284,361728.0356,434073.6428,506419.25,0.0
46,5,252,0.0,0.0,0.0,16999.09287,33998.18575,50997.27862,67996.37138,84995.46425,101994.5571,118993.65,0.0
47,5,253,0.0,0.0,0.0,24920.11431,49840.22862,74760.34293,99680.45707,124600.5714,149520.6857,174440.8,0.0
48,5,254,0.0,0.0,0.0,18279.20002,36558.40004,54837.60005,73116.79995,91395.99996,109675.2,127954.4,0.0
49,5,255,0.0,0.0,0.0,14418.54287,28837.08574,43255.62861,57674.171389999996,72092.71426000001,86511.25713,100929.8,0.0
50,5,256,0.0,0.0,0.0,5497.942863,10995.88573,16493.82859,21991.77141,27489.71427,32987.657139999996,38485.6,0.0
51,5,257,0.0,0.0,0.0,34326.68575,68653.3715,102980.0572,137306.7428,171633.4285,205960.1143,240286.8,0.0
52,5,258,0.0,0.0,0.0,27097.0786,54194.1572,81291.2358,108388.3142,135485.3928,162582.4714,189679.55,0.0
53,5,259,0.0,0.0,0.0,7365.178579,14730.35716,22095.53574,29460.71426,36825.89284,44191.07142,51556.25,0.0
54,5,260,0.0,0.0,0.0,23121.18574,46242.37147,69363.55721,92484.74279,115605.9285,138727.1143,161848.3,0.0
55,5,261,0.0,0.0,0.0,1239.957144,2479.914288,3719.871432,4959.828568,6199.785712,7439.742856,8679.7,0.0
56,5,262,0.0,0.0,0.0,7761.464293000001,15522.928590000001,23284.39288,31045.85712,38807.321410000004,46568.785710000004,54330.25,0.0
57,5,263,0.0,0.0,0.0,9459.235724,18918.47145,28377.707169999998,37836.94283,47296.17855,56755.41428,66214.65,0.0
58,5,264,0.0,0.0,0.0,4529.6500049999995,9059.300009,13588.950009999999,18118.59999,22648.24999,27177.9,31707.55,0.0
59,0,337,0.0,0.0,2490.9043739999997,2346.077143,2201.249911,2056.42268,1911.595449,1896.9110699999999,1882.2266920000002,1867.542314,0.0
60,0,338,0.0,0.0,9812.641603,9242.110783,8671.579963,8101.049143000001,7530.518323,7472.670843000001,7414.823362,7356.975881,0.0
61,0,339,0.0,0.0,7552.417495000002,7113.301595,6674.185695,6235.069796,5795.953896,5751.4308869999995,5706.907879,5662.384871,0.0
62,0,340,0.0,0.0,15806.70755,14887.66718,13968.6268,13049.58643,12130.54605,12037.36235,11944.17866,11850.99496,0.0
63,0,341,0.0,0.0,24928.65661,23479.24396,22029.8313,20580.41865,19131.006,18984.04659,18837.087190000002,18690.12778000001,0.0
64,0,342,0.0,0.0,11652.73244,10975.21427,10297.6961,9620.177926,8942.659755,8873.964570999999,8805.269387999999,8736.574204999999,0.0
65,0,343,0.0,0.0,19124.151380000007,18012.226759999998,16900.30214,15788.377519999998,14676.4529,14563.71221,14450.97153,14338.23084,0.0
66,0,344,0.0,0.0,838.5004496,789.7479965,740.9955434999997,692.2430904,643.4906374,638.5475098999998,633.6043824,628.6612549,0.0
67,0,345,0.0,0.0,48363.239480000004,45551.28325,42739.32702,39927.3708,37115.41457,36830.30362,36545.19267,36260.08172,0.0
68,0,346,0.0,0.0,3727.665935,3510.930382,3294.194829,3077.459276,2860.723724,2838.748389,2816.773054,2794.79772,0.0
69,0,347,0.0,0.0,56703.7257,53406.83334,50109.94098,46813.04862,43516.15626,43181.876489999995,42847.59671000001,42513.31693,0.0
70,0,348,0.0,0.0,11858.11542,11168.65579,10479.19615,9789.736512000001,9100.276875,9030.370918,8960.464961,8890.559004,0.0
71,0,349,0.0,0.0,31555.376910000014,29137.143860000004,26718.91081,24300.67776,21882.4447,21514.94091,21147.437130000002,20779.93334,0.0
72,0,350,0.0,0.0,24747.0261,22850.54815,20954.0702,19057.592259999998,17161.11431,16872.9027,16584.6911,16296.47949,0.0
73,0,351,0.0,0.0,16907.95188,15612.21809,14316.4843,13020.75051,11725.01673,11528.101429999999,11331.18613,11134.270840000001,0.0
74,0,352,0.0,0.0,6670.207848,6159.039272,5647.870696,5136.70212,4625.533544,4547.850218,4470.166891,4392.483564,0.0
75,0,353,0.0,0.0,27361.647419999998,25264.79906,23167.95071,21071.10236,18974.254,18655.5917,18336.92939,18018.26709,0.0
76,0,354,0.0,0.0,19522.80688,18026.68477,16530.56267,15034.440569999999,13538.318469999998,13310.94975,13083.581040000001,12856.21232,0.0
77,0,355,0.0,0.0,5939.017288,5483.883194,5028.7490990000015,4573.615005,4118.48091,4049.3132570000002,3980.145604,3910.977951,0.0
78,0,356,0.0,0.0,16130.206769999999,14894.07515,13657.94353,12421.811909999999,11185.6803,10997.82286,10809.96543,10622.108,0.0
79,0,357,0.0,0.0,2449.845826,2262.102921,2074.3600149999997,1886.617109,1698.874204,1670.342533,1641.8108619999994,1613.279192,0.0
80,0,358,0.0,0.0,12203.23807,11268.04805,10332.85802,9397.668002,8462.47798,8320.355252,8178.232525,8036.109797,0.0
81,0,359,0.0,0.0,17238.81011,15917.721140000001,14596.632169999999,13275.5432,11954.45423,11753.68566,11552.91708,11352.148509999999,0.0
82,0,360,0.0,0.0,6665.888462,6155.050901,5644.213339,5133.375777,4622.538216,4544.905194,4467.272172,4389.63915,0.0
83,0,433,0.0,0.0,39.382034999999995,229.6084767,1793.064254,4794.485122,9249.561917,15158.29465,22520.68331,31335.1145,0.0
84,0,434,0.0,0.0,151.983003,886.1041792000003,6919.7869,18502.85915,35695.87495,58498.83434,86911.73728,120928.3573,0.0
85,0,435,0.0,0.0,119.811144,698.5330813999999,5455.001996,14586.16213,28139.749369999998,46115.76378,68514.20531,95330.16554,0.0
86,0,436,0.0,0.0,243.50561499999998,1419.707065,11086.81189,29645.09194,57191.56623,93726.23485,139249.0977,193750.1789,0.0
87,0,437,0.0,0.0,408.85566800000004,2383.744951,18615.20065,49775.29519,96026.92741,157370.0974,233804.8052,325314.3006,0.0
88,0,438,0.0,0.0,179.607673,1047.1638699999999,8177.538266,21865.967969999998,42184.0134,69131.67461,102708.9515,142908.486,0.0
89,0,439,0.0,0.0,300.54967999999997,1752.290205,13684.02846,36589.80469,70589.36579,115682.7118,171869.8428,239138.4456,0.0
90,0,440,0.0,0.0,13.538398999999998,78.93272074,616.4033754,1648.204634,3179.73055,5210.981128,7741.9563629999975,10772.10161,0.0
91,0,441,0.0,0.0,382.109765,2227.8087219999998,17397.45955,46519.17005,89745.18281,147075.4979,218510.1153,304033.3807,0.0
92,0,442,0.0,0.0,28.874514,168.34663759999995,1314.656769,3515.268517,6781.686245,11113.909959999999,16511.93966,22974.59241,0.0
93,0,443,0.0,0.0,458.146208,2671.122833,20859.39918,55776.07094,107603.6756,176342.2133,261991.6838,364533.3179,0.0
94,0,444,0.0,0.0,93.362163,544.3279918,4250.779757,11366.18515,21927.74211,35935.45067,53389.3108,74285.49763,0.0
95,0,445,0.0,0.0,665.578973,3880.5149119999996,30303.81403,81029.5477,156322.9001,256183.8713,380612.4613,529581.4025,0.0
96,0,446,0.0,0.0,530.778262,3094.5883870000002,24166.33697,64618.51146,124662.5879,204298.5663,303526.4467,422324.4841,0.0
97,0,447,0.0,0.0,350.482303,2043.411614,15957.46104,42668.74953,82316.91842,134901.9678,200423.8977,278868.3494,0.0
98,0,448,0.0,0.0,139.85589,815.3996576000003,6367.639384,17026.46864,32847.60968,53831.06255,79976.82721,111279.174,0.0
99,0,449,0.0,0.0,621.8504379999998,3625.565103,28312.853610000002,75705.90684,146052.4864,239352.5923,355606.2246,494787.9071,0.0
100,0,450,0.0,0.0,423.711529,2470.358851,19291.588069999998,51583.89153,99516.08703,163088.1747,242300.1544,337134.6675,0.0
101,0,451,0.0,0.0,135.648861,790.8714808,6176.093332,16514.29252,31859.5151,52211.76113,77571.03056,107931.7661,0.0
102,0,452,0.0,0.0,344.456279,2008.278178,15683.096140000001,41935.123589999996,80901.60095,132582.5283,196977.9057,274073.6212,0.0
103,0,453,0.0,0.0,50.558428,294.77002989999994,2301.925484,6155.132177,11874.53391,19460.130709999998,28911.92255,40227.83816,0.0
104,0,454,0.0,0.0,243.457983,1419.429357,11084.64321,29639.29308,57180.37902000001,93707.90112000001,139221.8593,193712.2796,0.0
105,0,455,0.0,0.0,352.352923,2054.317861,16042.63038,42896.484319999996,82756.26635,135621.9766,201493.6149,280356.7461,0.0
106,0,456,0.0,0.0,131.451517,766.3997702,5984.988238,16003.29547,30873.695219999998,50596.1875,75170.77229,104592.0643,0.0
109,0,460,0.0,0.0,188.967734,1101.735691,8603.701890999999,23005.48941,44382.38796,72734.39759,108061.5183,150356.0083,0.0
108,0,459,0.0,0.0,482.15314900000004,2811.090134,21952.43533,58698.74676,113242.1269,185582.5759,275720.0936,383634.9272,0.0
107,0,458,0.0,0.0,215.70276800000002,1257.608551,9820.948125,26260.29132,50661.579789999996,83024.81358999999,123349.9927,171628.2801,0.0
112,0,463,0.0,0.0,782.785,4563.859420000002,35640.205030000005,95298.55519,183850.792,301296.9157,447636.92600000004,622838.7539,0.0
111,0,462,0.0,0.0,1964.224434,11451.98769,89431.14847999997,239130.4773,461332.5726,756037.4351,1123245.064,1562874.99,0.0
110,0,461,0.0,0.0,968.064417,5644.091173,44075.97783,117855.01800000001,227366.914,372611.6661,553589.274,770260.078,0.0
113,0,464,0.0,0.0,2115.581488,12334.44241,96322.43594,257557.1316,496881.4326,814295.3395,1209798.852,1683305.2980000004,0.0
114,0,537,0.0,0.0,0.0,700.7184857999997,1401.436972,2102.155457,2802.8739379999997,3503.5924240000004,4204.31091,4905.029396,0.0
115,0,538,0.0,0.0,0.0,8176.873251999998,16353.7465,24530.619759999998,32707.49295,40884.3662,49061.239460000004,57238.11271,0.0
136,0,559,0.0,0.0,0.0,5671.270044,11342.54009,17013.81013,22685.080130000002,28356.35018,34027.62022,39698.890269999996,0.0
135,0,558,0.0,0.0,0.0,4895.023748,9790.047495,14685.071240000001,19580.09496,24475.1187,29370.14245,34265.1662,0.0
134,0,557,0.0,0.0,0.0,476.50913949999995,953.0182788999999,1429.527418,1906.036554,2382.545694,2859.0548329999997,3335.563973000001,0.0
133,0,556,0.0,0.0,0.0,10298.12366,20596.247330000002,30894.370989999996,41192.494589999995,51490.61825,61788.74192000001,72086.86558,0.0
132,0,555,0.0,0.0,0.0,1589.235277,3178.470554,4767.70583,6356.941096000001,7946.176373,9535.41165,11124.646929999999,0.0
131,0,554,0.0,0.0,0.0,8912.316920000001,17824.633840000002,26736.95076,35649.26762,44561.584539999996,53473.90146,62386.21838,0.0
130,0,553,0.0,0.0,0.0,10424.49901,20848.99802,31273.49702,41697.99596,52122.49497,62546.99397999999,72971.49298,0.0
129,0,552,0.0,0.0,0.0,986.8219862,1973.6439719999998,2960.465959,3947.2879380000004,4934.109924,5920.93191,6907.753895999997,0.0
128,0,551,0.0,0.0,0.0,8153.146762,16306.29352,24459.440290000002,32612.586989999996,40765.73375,48918.88052,57072.027279999995,0.0
127,0,550,0.0,0.0,0.0,5322.993265,10645.98653,15968.9798,21291.973019999998,26614.96629,31937.95955,37260.95282,0.0
126,0,549,0.0,0.0,0.0,9087.240651,18174.4813,27261.72195,36348.96254,45436.20319,54523.44384,63610.68449,0.0
125,0,548,0.0,0.0,0.0,11445.91424,22891.82848,34337.74271000001,45783.65687,57229.571110000004,68675.48535,80121.39959,0.0
124,0,547,0.0,0.0,0.0,27443.90185,54887.8037,82331.70556,109775.6072,137219.5091,164663.4109,192107.3128,0.0
123,0,546,0.0,0.0,0.0,3875.7112450000004,7751.422490000001,11627.13373,15502.84495,19378.5562,23254.26744,27129.978689999996,0.0
122,0,545,0.0,0.0,0.0,31229.07825,62458.1565,93687.23474,124916.3128,156145.391,187374.4693,218603.5475,0.0
121,0,544,0.0,0.0,0.0,263.17379819999996,526.3475963999998,789.5213946,1052.695191,1315.868989,1579.0427869999999,1842.216586,0.0
120,0,543,0.0,0.0,0.0,13375.83617,26751.67234,40127.508519999996,53503.3446,66879.18077,80255.01694,93630.85311,0.0
119,0,542,0.0,0.0,0.0,13553.066509999999,27106.13301,40659.19952,54212.265929999994,67765.33243,81318.39894,94871.46545,0.0
118,0,541,0.0,0.0,0.0,14885.13976,29770.27952,44655.41928,59540.55892999999,74425.69869,89310.83845,104195.9782,0.0
117,0,540,0.0,0.0,0.0,7883.3824209999975,15766.76484,23650.147259999998,31533.52963,39416.91205,47300.29447,55183.676889999995,0.0
116,0,539,0.0,0.0,0.0,3183.090328,6366.180656,9549.270983,12732.36129,15915.451619999998,19098.54194,22281.63227,0.0
137,0,560,0.0,0.0,0.0,3643.8431920000003,7287.6863840000005,10931.52958,14575.37274,18219.215940000002,21863.05913,25506.902319999997,0.0
