"pp_id","ca_id","scenario","cap_pwr_leg","cap_pwr_leg_yr2020","cap_pwr_leg_yr2025","cap_pwr_leg_yr2030","cap_pwr_leg_yr2035","cap_pwr_leg_yr2040","cap_pwr_leg_yr2045","cap_pwr_leg_yr2050"
"25","0","REF","41282.59324","55095.96467","63125.67179","115000.7","168500.0","148948.3969","150003.6656","151058.925"
"26","0","REF","2411.5","2582.788998","3663.84","18301.42","32939.0","10242.42188","12621.20625","15000.0"
"27","0","REF","8957.8","10763.73324","12569.66648","18410.82","25373.0","21624.20625","24864.8625","28105.52813"
"29","0","REF","10358.2","18015.0","20979.28116","35959.0","60954.0","44137.40625","49635.89063","55134.375"
"30","0","REF","1.0","10.0","1659.726756","2767.37","3875.0","20618.4375","31402.96875","42187.5"
"31","0","REF","3663.606759","6736.013288","8881.085228","19533.04","30185.0","56196.31875","65625.69375","65625.69375"
"330","0","REF","1.0","1.0","1.0","4251.0","9541.0","14531.25","15937.5","17343.75"
"32","0","REF","39756.64","52802.86767","65900.76","215002.0","215000.0","343008.1875","375000.9563","406993.725"
"33","0","REF","876.0","1089.650651","8480.0","10000.0","12000.0","37182.1125","42347.60625","47513.1"
"34","0","REF","18904.953","20056.81734","37008.953","87362.8765","93840.0","132359.6906","148548.4031","164737.1156"
"36","0","REF","6100.17","20535.28435","25600.0","64158.0","114876.0","72021.65625","91323.32813","110625.0"
"331","0","REF","0.0","0.0","0.0","0.0","0.0","191.5","191.5","191.5"
"332","0","REF","0.0","0.0","0.0","0.0","0.0","70632.75","70632.75","70632.75"
"333","0","REF","0.0","0.0","0.0","0.0","0.0","1486.125","1486.125","1486.125"
"334","0","REF","0.0","0.0","0.0","0.0","5427.0","25509.0","25509.0","25509.0"
"25","0","EMR1","41282.59324","55095.96467","63125.67179","115000.7","168500.0","148948.3969","150003.6656","151058.925"
"25","0","EMR12","41282.59324","55095.96467","63125.67179","115000.7","168500.0","148948.3969","150003.6656","151058.925"
"26","0","EMR1","2411.5","2582.788998","3663.84","18301.42","32939.0","10242.42188","12621.20625","15000.0"
"26","0","EMR12","2411.5","2582.788998","3663.84","18301.42","32939.0","10242.42188","12621.20625","15000.0"
"27","0","EMR1","8957.8","10763.73324","12569.66648","18410.82","25373.0","21624.20625","24864.8625","28105.52813"
"27","0","EMR12","8957.8","10763.73324","12569.66648","18410.82","25373.0","21624.20625","24864.8625","28105.52813"
"29","0","EMR1","10358.2","18015.0","20979.28116","35959.0","60954.0","44137.40625","49635.89063","55134.375"
"29","0","EMR12","10358.2","18015.0","20979.28116","35959.0","60954.0","44137.40625","49635.89063","55134.375"
"30","0","EMR1","1.0","10.0","1659.726756","2767.37","11141.0","20618.4375","31402.96875","42187.5"
"30","0","EMR12","1.0","10.0","1659.726756","2767.37","9204.0","20618.4375","31402.96875","42187.5"
"31","0","EMR1","3663.606759","6736.013288","8881.085228","19533.04","35705.0","56196.31875","65625.69375","65625.69375"
"31","0","EMR12","3663.606759","6736.013288","8881.085228","19533.04","36332.0","56196.31875","65625.69375","65625.69375"
"330","0","EMR1","1.0","1.0","1.0","4251.0","11679.0","14531.25","15937.5","17343.75"
"330","0","EMR12","1.0","1.0","1.0","4251.0","11369.0","14531.25","15937.5","17343.75"
"32","0","EMR1","39756.64","52802.86767","65900.76","215002.0","215000.0","343008.1875","375000.9563","406993.725"
"32","0","EMR12","39756.64","52802.86767","65900.76","215002.0","215000.0","343008.1875","375000.9563","406993.725"
"33","0","EMR1","876.0","1089.650651","8480.0","10000.0","12000.0","37182.1125","42347.60625","47513.1"
"33","0","EMR12","876.0","1089.650651","8480.0","10000.0","12000.0","37182.1125","42347.60625","47513.1"
"34","0","EMR1","18904.953","20056.81734","37008.953","87362.8765","98867.0","132359.6906","148548.4031","164737.1156"
"34","0","EMR12","18904.953","20056.81734","37008.953","87362.8765","102969.0","132359.6906","148548.4031","164737.1156"
"36","0","EMR1","6100.17","20535.28435","25600.0","64158.0","118227.0","72021.65625","91323.32813","110625.0"
"36","0","EMR12","6100.17","20535.28435","25600.0","64158.0","122892.0","72021.65625","91323.32813","110625.0"
"331","0","EMR1","0.0","0.0","0.0","0.0","0.0","191.5","191.5","191.5"
"331","0","EMR12","0.0","0.0","0.0","0.0","0.0","191.5","191.5","191.5"
"332","0","EMR1","0.0","0.0","0.0","0.0","0.0","70632.75","70632.75","70632.75"
"332","0","EMR12","0.0","0.0","0.0","0.0","48.0","70632.75","70632.75","70632.75"
"333","0","EMR1","0.0","0.0","0.0","0.0","0.0","1486.125","1486.125","1486.125"
"333","0","EMR12","0.0","0.0","0.0","0.0","0.0","1486.125","1486.125","1486.125"
"334","0","EMR1","0.0","0.0","0.0","0.0","5242.0","25509.0","25509.0","25509.0"
"334","0","EMR12","0.0","0.0","0.0","0.0","7607.0","25509.0","25509.0","25509.0"
"25","0","EMR12+","41282.59324","55095.96467","63125.67179","115000.7","168500.0","148948.3969","150003.6656","151058.925"
"26","0","EMR12+","2411.5","2582.788998","3663.84","18301.42","32939.0","10242.42188","12621.20625","15000.0"
"27","0","EMR12+","8957.8","10763.73324","12569.66648","18410.82","25373.0","21624.20625","24864.8625","28105.52813"
"29","0","EMR12+","10358.2","18015.0","20979.28116","35959.0","60954.0","44137.40625","49635.89063","55134.375"
"30","0","EMR12+","1.0","10.0","1659.726756","2767.37","3875.0","20618.4375","31402.96875","42187.5"
"31","0","EMR12+","3663.606759","6736.013288","8881.085228","19533.04","34176.0","56196.31875","65625.69375","65625.69375"
"330","0","EMR12+","1.0","1.0","1.0","4251.0","9553.0","14531.25","15937.5","17343.75"
"32","0","EMR12+","39756.64","52802.86767","65900.76","215002.0","215000.0","343008.1875","375000.9563","406993.725"
"33","0","EMR12+","876.0","1089.650651","8480.0","10000.0","13407.0","37182.1125","42347.60625","47513.1"
"34","0","EMR12+","18904.953","20056.81734","37008.953","87362.8765","131435.0","132359.6906","148548.4031","164737.1156"
"36","0","EMR12+","6100.17","20535.28435","25600.0","64158.0","137990.0","72021.65625","91323.32813","110625.0"
"331","0","EMR12+","0.0","0.0","0.0","0.0","153.0","191.5","191.5","191.5"
"332","0","EMR12+","0.0","0.0","0.0","0.0","56506.0","70632.75","70632.75","70632.75"
"333","0","EMR12+","0.0","0.0","0.0","0.0","2824.0","1486.125","1486.125","1486.125"
"334","0","EMR12+","0.0","0.0","0.0","0.0","20910.0","25509.0","25509.0","25509.0"
